ID	D1	IGNORE THEME	D1	TELUGU	D1	ENGLISH	D1	CLUE	D1	IMAGE	D1	SOUND
179	|	ANIMALS	|	పిపిలికాహారి	|	AARDVARK	|	పిపిలికాహారి_CLUE	|	HTTP://UPLOAD.WIKIMEDIA.ORG/WIKIPEDIA/COMMONS/8/8A/PORC_FORMIGUER.JPG	|	
180	|	ANIMALS	|	మొసలి 	|	ALLIGATOR	|	మొసలి _CLUE	|	HTTP://UPLOAD.WIKIMEDIA.ORG/WIKIPEDIA/COMMONS/THUMB/0/03/AMERICAN_ALLIGATOR.JPG/250PX-AMERICAN_ALLIGATOR.JPG	|	
182	|	ANIMALS	|	తోక లేని కోతి	|	APE	|	తోక లేని కోతి_CLUE	|	HTTP://WWW.BABELSDAWN.COM/.A/6A00D83452AECA69E201157014AF1A970B-800WI	|	
183	|	ANIMALS	|	నఖ మృగము	|	ARMADILLO	|	నఖ మృగము_CLUE	|	HTTP://UPLOAD.WIKIMEDIA.ORG/WIKIPEDIA/COMMONS/THUMB/B/B4/NINE-BANDED_ARMADILLO.JPG/800PX-NINE-BANDED_ARMADILLO.JPG	|	
184	|	ANIMALS	|	గండు కోతి	|	BABOON	|	గండు కోతి_CLUE	|	HTTP://UPLOAD.WIKIMEDIA.ORG/WIKIPEDIA/COMMONS/THUMB/F/FC/PAPIO_ANUBIS_%28SERENGETI%2C_2009%29.JPG/399PX-PAPIO_ANUBIS_%28SERENGETI%2C_2009%29.JPG	|	
185	|	ANIMALS	|	చిన్న ఎలుగు 	|	BADGER	|	చిన్న ఎలుగు _CLUE	|	HTTP://WWW.UNIVERSITYOBSERVER.IE/WP-CONTENT/UPLOADS/2012/10/BADGER.JPEG	|	
186	|	ANIMALS	|	పందికొక్కు 	|	BADICOOT	|	పందికొక్కు _CLUE	|	HTTP://CF067B.MEDIALIB.GLOGSTER.COM/MEDIA/05/0592549526ECAE6439648BAEC5DF4DA3B0AA2AB3BD3E04283460A6334A6A286A/QUENDA-SOUTHERN-BROWN-BANDICOOT.GIF	|	
187	|	ANIMALS	|	గబ్బిలము 	|	BAT	|	గబ్బిలము _CLUE	|	HTTP://UPLOAD.WIKIMEDIA.ORG/WIKIPEDIA/COMMONS/THUMB/7/77/BIG-EARED-TOWNSEND-FLEDERMAUS.JPG/240PX-BIG-EARED-TOWNSEND-FLEDERMAUS.JPG	|	
188	|	ANIMALS	|	ఎలుగుబంటి 	|	BEAR	|	ఎలుగుబంటి _CLUE	|	HTTP://UPLOAD.WIKIMEDIA.ORG/WIKIPEDIA/COMMONS/THUMB/8/82/MEDVED_MZOO.JPG/220PX-MEDVED_MZOO.JPG	|	
190	|	ANIMALS	|	తేనెటీగ 	|	BEE	|	తేనెటీగ _CLUE	|	HTTP://UPLOAD.WIKIMEDIA.ORG/WIKIPEDIA/COMMONS/THUMB/7/7D/OSMIA_RIBIFLORIS_BEE.JPG/405PX-OSMIA_RIBIFLORIS_BEE.JPG	|	
191	|	ANIMALS	|	కుమ్మరి పురుగు 	|	BEETLE	|	కుమ్మరి పురుగు _CLUE	|	HTTP://UPLOAD.WIKIMEDIA.ORG/WIKIPEDIA/COMMONS/THUMB/6/66/DRAWING-1.PNG/629PX-DRAWING-1.PNG	|	
192	|	ANIMALS	|	ఎద్దు 	|	BISON	|	ఎద్దు _CLUE	|	HTTP://GREATAMERICANBISON.COM/WP-CONTENT/UPLOADS/2009/12/BISON2.JPG	|	
193	|	ANIMALS	|	నల్ల కొంగ	|	BLACK-NECKED STORK	|	నల్ల కొంగ_CLUE	|	HTTP://UPLOAD.WIKIMEDIA.ORG/WIKIPEDIA/COMMONS/THUMB/1/11/EPHIPPIORHYNCHUS_ASIATICUS_-INDIA-8.JPG/402PX-EPHIPPIORHYNCHUS_ASIATICUS_-INDIA-8.JPG	|	
194	|	ANIMALS	|	కొండ చిలువ 	|	BOA	|	కొండ చిలువ _CLUE	|	HTTP://UPLOAD.WIKIMEDIA.ORG/WIKIPEDIA/COMMONS/THUMB/B/B9/PYTHON_MOLURE_13.JPG/600PX-PYTHON_MOLURE_13.JPG	|	
195	|	ANIMALS	|	లేడి 	|	BUCK	|	లేడి _CLUE	|	HTTP://WWW.AFFINITYLLC.COM/ALLAGASH/IMAGES/BIG%20BUCK.JPG	|	
196	|	ANIMALS	|	గేదె & దున్న 	|	BUFFALO	|	గేదె & దున్న _CLUE	|	HTTP://WWW.NATUREPHOTO-CZ.COM/PHOTOS/SEVCIK/WATER-BUFFALO--BUBALUS-ARNEE-BUVOL-5.JPG	|	
197	|	ANIMALS	|	నల్లి 	|	BUG	|	నల్లి _CLUE	|	HTTP://WWW.ENT.IASTATE.EDU/IMAGES/HEMIPTERA/STINKBUG/GREEN_STINK_BUG_NYMPH.JPG	|	
198	|	ANIMALS	|	పికిలి పిట్ట	|	BUL BUL	|	పికిలి పిట్ట_CLUE	|	HTTP://UPLOAD.WIKIMEDIA.ORG/WIKIPEDIA/COMMONS/8/87/BROWN-EARED_BULBUL_1.JPG	|	
199	|	ANIMALS	|	ఎద్దు 	|	BULL	|	ఎద్దు _CLUE	|	HTTP://SITE.FAMILYINNEWYORK.COM/BLOG/WP-CONTENT/UPLOADS/2008/10/WALL-STREET-BULL5.JPG	|	
200	|	ANIMALS	|	గిత్త 	|	BULLOCK	|	గిత్త _CLUE	|	HTTPS://SECURE.PETA.ORG/IMAGES/CONTENT/PAGEBUILDER/DD-ANIMAL-RAHAT-ADOPTION-BARSYA.JPG	|	
201	|	ANIMALS	|	తుమ్మెద	|	BUMBLE BEE	|	తుమ్మెద_CLUE	|	HTTP://UPLOAD.WIKIMEDIA.ORG/WIKIPEDIA/COMMONS/THUMB/4/4A/BUMBLEBEE_OCTOBER_2007-3A.JPG/800PX-BUMBLEBEE_OCTOBER_2007-3A.JPG	|	
202	|	ANIMALS	|	సీతాకోక చిలుక 	|	BUTTERFLY	|	సీతాకోక చిలుక _CLUE	|	HTTP://MONARCH-BUTTERFLY.INFO/IMAGES/MONARCH%20BUTTERFLY%20PHOTO%20(2).JPG	|	
203	|	ANIMALS	|	ఆవు దూడ 	|	CALF	|	ఆవు దూడ _CLUE	|	HTTPS://UPLOAD.WIKIMEDIA.ORG/WIKIPEDIA/COMMONS/THUMB/2/21/NEW_FOREST_CALF.JPG/800PX-NEW_FOREST_CALF.JPG	|	
204	|	ANIMALS	|	ఒంటె 	|	CAMEL	|	ఒంటె _CLUE	|	HTTP://UPLOAD.WIKIMEDIA.ORG/WIKIPEDIA/COMMONS/4/43/07._CAMEL_PROFILE%2C_NEAR_SILVERTON%2C_NSW%2C_07.07.2007.JPG	|	
205	|	ANIMALS	|	పిల్లి 	|	CAT	|	పిల్లి _CLUE	|	HTTP://I.TELEGRAPH.CO.UK/MULTIMEDIA/ARCHIVE/02351/CROSS-EYED-CAT_2351472K.JPG	|	
206	|	ANIMALS	|	గొంగళి పురుగు 	|	CATTERPILLAR	|	గొంగళి పురుగు _CLUE	|	HTTP://RONRLACSON.COM/WP-CONTENT/UPLOADS/2012/12/CATERPILLAR1.JPG	|	
207	|	ANIMALS	|	కాళ్ళ జెర్రి 	|	CENTIPDE	|	కాళ్ళ జెర్రి _CLUE	|	HTTP://LANCASTER.UNL.EDU/PEST/IMAGES/CENTIPEDEMILLIPEDE/GARDNCNT.JPG	|	
208	|	ANIMALS	|	ఊసరవెల్లి	|	CHAMELEON	|	ఊసరవెల్లి_CLUE	|	HTTP://UPLOAD.WIKIMEDIA.ORG/WIKIPEDIA/COMMONS/THUMB/4/45/BRADYPODION_PUMILUM_CAPE_CHAMELEON_FEMALE_IMG_1767_%28CROPPED%29.JPG/532PX-BRADYPODION_PUMILUM_CAPE_CHAMELEON_FEMALE_IMG_1767_%28CROPPED%29.JPG	|	
209	|	ANIMALS	|	చిరుత పులి 	|	CHEETAH	|	చిరుత పులి _CLUE	|	HTTP://IMAGES.NATIONALGEOGRAPHIC.COM/WPF/MEDIA-LIVE/PHOTOS/000/004/CACHE/CHEETAH_492_600X450.JPG	|	
210	|	ANIMALS	|	కోడిపిల్ల 	|	CHICK	|	కోడిపిల్ల _CLUE	|	HTTP://LANCASTER.UNL.EDU/4H/IMAGES/EMBRYOLOGY/PHOTOS/4_2002/CHICK1.JPG	|	
211	|	ANIMALS	|	చింపాంజీ 	|	CHIMPANZEE	|	చింపాంజీ _CLUE	|	HTTP://UPLOAD.WIKIMEDIA.ORG/WIKIPEDIA/COMMONS/THUMB/8/8B/SCHIMPANSE_ZOO-LEIPIG.JPG/800PX-SCHIMPANSE_ZOO-LEIPIG.JPG	|	
212	|	ANIMALS	|	త్రాచు పాము 	|	COBRA	|	త్రాచు పాము _CLUE	|	HTTP://YOGAINMYSCHOOL.COM/WP-CONTENT/UPLOADS/2009/11/COBRA_INI.JPG	|	
213	|	ANIMALS	|	కోడి పుంజు 	|	COCK	|	కోడి పుంజు _CLUE	|	HTTP://WWW.GAMESMUSEUM.UWATERLOO.CA/ARCHIVES/CULIN/HAWAII1899/GRAPHICS/COCK3.JPG	|	
214	|	ANIMALS	|	 తెల్ల చిలుక	|	COCKATOO	|	 తెల్ల చిలుక_CLUE	|	HTTP://UPLOAD.WIKIMEDIA.ORG/WIKIPEDIA/COMMONS/THUMB/6/61/CACATUA_GALERITA_-PERCHING_ON_BRANCH_-CREST-8A-2C.JPG/600PX-CACATUA_GALERITA_-PERCHING_ON_BRANCH_-CREST-8A-2C.JPG	|	
215	|	ANIMALS	|	బొద్దింక	|	COCKROACH	|	బొద్దింక_CLUE	|	HTTP://UPLOAD.WIKIMEDIA.ORG/WIKIPEDIA/COMMONS/0/0C/COCKROACH_NYMPH_AUSTRALIA.JPG	|	
216	|	ANIMALS	|	గుర్రపు పిల్ల 	|	COLT	|	గుర్రపు పిల్ల _CLUE	|	HTTP://IMAGES.PICTURESHUNT.COM/PICS/C/COLT-7901.JPG	|	
219	|	ANIMALS	|	ఎండ్ర కాయ	|	CRAB	|	ఎండ్ర కాయ_CLUE	|	HTTP://IMAGES.NATIONALGEOGRAPHIC.COM/WPF/MEDIA-LIVE/PHOTOS/000/246/CACHE/CHRISTMAS-ISLAND-RED-CRAB_24694_600X450.JPG	|	
220	|	ANIMALS	|	కొంగ 	|	CRANE	|	కొంగ _CLUE	|	HTTP://WWW.EPA.GOV/ESPP/POSTER/JPEGS/CRANE.JPG	|	
221	|	ANIMALS	|	చిమ్మట పురుగు 	|	CRICKET	|	చిమ్మట పురుగు _CLUE	|	HTTP://WWW.TELUGUDANAM.CO.IN/NEARCHUKO/KEETAKAALU/CHIMATA_PURUGU.JPG	|	
222	|	ANIMALS	|	మొసలి 	|	CROCODILE	|	మొసలి _CLUE	|	HTTP://ICHEF.BBCI.CO.UK/NATURELIBRARY/IMAGES/IC/CREDIT/640X395/N/NI/NILE_CROCODILE/NILE_CROCODILE_1.JPG	|	
224	|	ANIMALS	|	సముద్రపు పక్షి 	|	CUCKOO	|	సముద్రపు పక్షి _CLUE	|	HTTP://UPLOAD.WIKIMEDIA.ORG/WIKIPEDIA/COMMONS/THUMB/4/49/BRUSH_CUCKOO_OCT_2007.JPG/634PX-BRUSH_CUCKOO_OCT_2007.JPG	|	
225	|	ANIMALS	|	ఇసుకలో పుల్ల	|	CYGNET	|	ఇసుకలో పుల్ల_CLUE	|	HTTP://WWW.PHOTOREE.COM/IMAGE_CACHE/12/95/13/17/12951317_5A83_M.JPG	|	
226	|	ANIMALS	|	తూనీగ	|	DAMSEL FLY  	|	తూనీగ_CLUE	|	HTTP://UPLOAD.WIKIMEDIA.ORG/WIKIPEDIA/COMMONS/THUMB/B/BD/ISCHNURA_HETEROSTICTA02.JPG/800PX-ISCHNURA_HETEROSTICTA02.JPG	|	
229	|	ANIMALS	|	డాల్ఫిన్	|	DOLPHIN	|	డాల్ఫిన్_CLUE	|	HTTP://UPLOAD.WIKIMEDIA.ORG/WIKIPEDIA/COMMONS/THUMB/A/A6/BOTTLENOSE_DOLPHIN_KSC04PD0178.JPG/800PX-BOTTLENOSE_DOLPHIN_KSC04PD0178.JPG	|	
230	|	ANIMALS	|	గాడిద 	|	DONKEY	|	గాడిద _CLUE	|	HTTP://UPLOAD.WIKIMEDIA.ORG/WIKIPEDIA/COMMONS/7/7B/DONKEY_1_ARP_750PX.JPG	|	
231	|	ANIMALS	|	పావురము 	|	DOVE	|	పావురము _CLUE	|	HTTP://4.BP.BLOGSPOT.COM/-W2DH_-F53EI/UOJMIW_SXPI/AAAAAAAANKI/3Z6XWRER72E/S1600/PHOTO-789532.JPG	|	
232	|	ANIMALS	|	బాతు	|	DUCK	|	బాతు_CLUE	|	HTTP://UPLOAD.WIKIMEDIA.ORG/WIKIPEDIA/COMMONS/THUMB/5/51/MANDARIN.DUCK.ARP.JPG/800PX-MANDARIN.DUCK.ARP.JPG	|	
233	|	ANIMALS	|	బాతు పిల్ల 	|	DUCKLING	|	బాతు పిల్ల _CLUE	|	HTTP://UPLOAD.WIKIMEDIA.ORG/WIKIPEDIA/COMMONS/THUMB/B/BF/BUCEPHALA-ALBEOLA-010.JPG/800PX-BUCEPHALA-ALBEOLA-010.JPG	|	
234	|	ANIMALS	|	గ్రద్ద 	|	EAGLE	|	గ్రద్ద _CLUE	|	HTTP://UPLOAD.WIKIMEDIA.ORG/WIKIPEDIA/COMMONS/THUMB/D/D6/GOLDEN_EAGLE_IN_FLIGHT_-_5.JPG/642PX-GOLDEN_EAGLE_IN_FLIGHT_-_5.JPG	|	
235	|	ANIMALS	|	గ్రద్ద పిల్ల 	|	EAGLET	|	గ్రద్ద పిల్ల _CLUE	|	HTTP://WWW.BLUEROEBUCK.COM/IMAGE/EAGLET.JPG	|	
236	|	ANIMALS	|	వాన పాము 	|	EARTHWORM	|	వాన పాము _CLUE	|	HTTP://UPLOAD.WIKIMEDIA.ORG/WIKIPEDIA/COMMONS/THUMB/6/60/EARTHWORM.JPG/800PX-EARTHWORM.JPG	|	
237	|	ANIMALS	|	మలుగు చేప 	|	EEL	|	మలుగు చేప _CLUE	|	HTTP://UPLOAD.WIKIMEDIA.ORG/WIKIPEDIA/COMMONS/THUMB/5/57/ANGUILLAROSTRATAKILS.JPG/799PX-ANGUILLAROSTRATAKILS.JPG	|	
238	|	ANIMALS	|	ఏనుగు	|	ELEPHANT	|	ఏనుగు_CLUE	|	HTTP://UPLOAD.WIKIMEDIA.ORG/WIKIPEDIA/COMMONS/THUMB/3/37/AFRICAN_BUSH_ELEPHANT.JPG/400PX-AFRICAN_BUSH_ELEPHANT.JPG	|	
239	|	ANIMALS	|	 నిప్పు కోడి	|	EMU	|	 నిప్పు కోడి_CLUE	|	HTTP://UPLOAD.WIKIMEDIA.ORG/WIKIPEDIA/COMMONS/THUMB/F/FC/EMU-WILD.JPG/800PX-EMU-WILD.JPG	|	
240	|	ANIMALS	|	జింక పిల్ల 	|	FAWN	|	జింక పిల్ల _CLUE	|	HTTP://UPLOAD.WIKIMEDIA.ORG/WIKIPEDIA/COMMONS/C/CF/FAWN_IN_FOREST_EDIT.JPG	|	
241	|	ANIMALS	|	చేప 	|	FISH	|	చేప _CLUE	|	HTTP://UPLOAD.WIKIMEDIA.ORG/WIKIPEDIA/COMMONS/THUMB/2/23/GEORGIA_AQUARIUM_-_GIANT_GROUPER_EDIT.JPG/541PX-GEORGIA_AQUARIUM_-_GIANT_GROUPER_EDIT.JPG	|	
242	|	ANIMALS	|	పూ కొంగ	|	FLAMINGO 	|	పూ కొంగ_CLUE	|	HTTP://UPLOAD.WIKIMEDIA.ORG/WIKIPEDIA/EN/THUMB/2/29/FLAMINGO_AT_RAJKOT.JPG/800PX-FLAMINGO_AT_RAJKOT.JPG	|	
243	|	ANIMALS	|	మిన్నలి	|	FLEA	|	మిన్నలి_CLUE	|	HTTP://UPLOAD.WIKIMEDIA.ORG/WIKIPEDIA/COMMONS/THUMB/0/05/FLEA.JPG/800PX-FLEA.JPG	|	
246	|	ANIMALS	|	లేడి	|	GAZELLE	|	లేడి_CLUE	|	HTTP://UPLOAD.WIKIMEDIA.ORG/WIKIPEDIA/COMMONS/THUMB/F/FC/SLENDER-HORNED_GAZELLE_%28CINCINNATI_ZOO%29.JPG/800PX-SLENDER-HORNED_GAZELLE_%28CINCINNATI_ZOO%29.JPG	|	
247	|	ANIMALS	|	జిరాఫీ	|	GIRAFFE	|	జిరాఫీ_CLUE	|	HTTP://UPLOAD.WIKIMEDIA.ORG/WIKIPEDIA/COMMONS/THUMB/9/9E/GIRAFFE_MIKUMI_NATIONAL_PARK.JPG/474PX-GIRAFFE_MIKUMI_NATIONAL_PARK.JPG	|	
248	|	ANIMALS	|	మిణుగురు పురుగు 	|	GLOW WORM	|	మిణుగురు పురుగు _CLUE	|	HTTP://UPLOAD.WIKIMEDIA.ORG/WIKIPEDIA/COMMONS/THUMB/E/EC/GLOW_WORM_305654931.JPG/531PX-GLOW_WORM_305654931.JPG	|	
251	|	ANIMALS	|	బాతు పిల్ల	|	GOOSLING	|	బాతు పిల్ల_CLUE	|	HTTP://THUMBS.DREAMSTIME.COM/THUMBLARGE_509/1275600452T5K1Z5.JPG	|	
252	|	ANIMALS	|	మిడుత 	|	GRASSHOPPER	|	మిడుత _CLUE	|	HTTP://UPLOAD.WIKIMEDIA.ORG/WIKIPEDIA/COMMONS/THUMB/0/04/YOUNG_GRASSHOPPER_ON_GRASS_STALK02.JPG/400PX-YOUNG_GRASSHOPPER_ON_GRASS_STALK02.JPG	|	
253	|	ANIMALS	|	పసిరిక పాము	|	GREEN SNAKE	|	పసిరిక పాము_CLUE	|	HTTP://UPLOAD.WIKIMEDIA.ORG/WIKIPEDIA/COMMONS/THUMB/8/85/SMOOTH_GREEN_SNAKE.JPG/799PX-SMOOTH_GREEN_SNAKE.JPG	|	
254	|	ANIMALS	|	వేట కుక్క	|	GREYHOUND	|	వేట కుక్క_CLUE	|	HTTPS://UPLOAD.WIKIMEDIA.ORG/WIKIPEDIA/COMMONS/THUMB/E/EF/GRACETHEGREYHOUND.JPG/800PX-GRACETHEGREYHOUND.JPG	|	
255	|	ANIMALS	|	చిన్న పంది 	|	GUINEA PIG	|	చిన్న పంది _CLUE	|	HTTP://UPLOAD.WIKIMEDIA.ORG/WIKIPEDIA/COMMONS/0/00/TWO_ADULT_GUINEA_PIGS_%28CAVIA_PORCELLUS%29.JPG	|	
256	|	ANIMALS	|	కుందేలు	|	HARE	|	కుందేలు_CLUE	|	HTTPS://UPLOAD.WIKIMEDIA.ORG/WIKIPEDIA/COMMONS/THUMB/0/05/BLACK_NAPED_HARE.JPG/398PX-BLACK_NAPED_HARE.JPG	|	
257	|	ANIMALS	|	డేగ	|	HAWK	|	డేగ_CLUE	|	HTTP://UPLOAD.WIKIMEDIA.ORG/WIKIPEDIA/EN/THUMB/1/10/GOSHAWK_DOVE4.JPG/796PX-GOSHAWK_DOVE4.JPG	|	
258	|	ANIMALS	|	కోడి పెట్ట	|	HEN	|	కోడి పెట్ట_CLUE	|	HTTP://WWW.HEN.COM/HEN.JPG	|	
259	|	ANIMALS	|	క్రౌంచ పక్షి	|	HERON	|	క్రౌంచ పక్షి_CLUE	|	HTTP://UPLOAD.WIKIMEDIA.ORG/WIKIPEDIA/EN/6/67/GBHFISH5.JPG	|	
260	|	ANIMALS	|	నీటి ఏనుగు 	|	HIPPOPOTAMUS	|	నీటి ఏనుగు _CLUE	|	HTTP://UPLOAD.WIKIMEDIA.ORG/WIKIPEDIA/COMMONS/THUMB/1/17/HIPPOPOTAMUS_-_04.JPG/800PX-HIPPOPOTAMUS_-_04.JPG	|	
261	|	ANIMALS	|	గుర్రము 	|	HORSE	|	గుర్రము _CLUE	|	HTTP://UPLOAD.WIKIMEDIA.ORG/WIKIPEDIA/COMMONS/D/DE/NOKOTA_HORSES_CROPPED.JPG	|	
262	|	ANIMALS	|	 జోరీగ	|	HORSE FLY	|	 జోరీగ_CLUE	|	HTTP://UPLOAD.WIKIMEDIA.ORG/WIKIPEDIA/COMMONS/THUMB/1/14/HORSE_FLY_TABANUS_2.JPG/783PX-HORSE_FLY_TABANUS_2.JPG	|	
263	|	ANIMALS	|	వేట కుక్క 	|	HOUND	|	వేట కుక్క _CLUE	|	HTTP://UPLOAD.WIKIMEDIA.ORG/WIKIPEDIA/COMMONS/5/5E/WHIPPETWHITESADDLED_WB.JPG	|	
264	|	ANIMALS	|	తేనె పిట్ట	|	HUMMING BIRD 	|	తేనె పిట్ట_CLUE	|	HTTP://UPLOAD.WIKIMEDIA.ORG/WIKIPEDIA/COMMONS/THUMB/1/16/ARCHILOCHUS-ALEXANDRI-002-EDIT.JPG/800PX-ARCHILOCHUS-ALEXANDRI-002-EDIT.JPG	|	
265	|	ANIMALS	|	సివంగి 	|	HYENA	|	సివంగి _CLUE	|	HTTP://UPLOAD.WIKIMEDIA.ORG/WIKIPEDIA/COMMONS/THUMB/4/48/HYAENIDAE.JPG/182PX-HYAENIDAE.JPG	|	
266	|	ANIMALS	|	తొండ 	|	IGUAANA	|	తొండ _CLUE	|	HTTP://UPLOAD.WIKIMEDIA.ORG/WIKIPEDIA/COMMONS/THUMB/3/33/PORTRAITOFANIGUANA.JPG/709PX-PORTRAITOFANIGUANA.JPG	|	
267	|	ANIMALS	|	ఉడుము	|	IGUANA 	|	ఉడుము_CLUE	|	HTTP://UPLOAD.WIKIMEDIA.ORG/WIKIPEDIA/COMMONS/THUMB/3/33/PORTRAITOFANIGUANA.JPG/709PX-PORTRAITOFANIGUANA.JPG	|	
268	|	ANIMALS	|	జెముడు కాకి	|	JACK DAW 	|	జెముడు కాకి_CLUE	|	HTTP://UPLOAD.WIKIMEDIA.ORG/WIKIPEDIA/COMMONS/THUMB/B/B1/COLOEUS_MONEDULA_-HAM_COMMON%2C_LONDON_BOROUGH_OF_RICHMOND_UPON_THAMES%2C_ENGLAND-8.JPG/800PX-COLOEUS_MONEDULA_-HAM_COMMON%2C_LONDON_BOROUGH_OF_RICHMOND_UPON_THAMES%2C_ENGLAND-8.JPG	|	
269	|	ANIMALS	|	గుంట నక్క 	|	JACKAL	|	గుంట నక్క _CLUE	|	HTTP://UPLOAD.WIKIMEDIA.ORG/WIKIPEDIA/COMMONS/THUMB/F/F4/JACKAL_CAPE_CROSS_2009.JPG/800PX-JACKAL_CAPE_CROSS_2009.JPG	|	
270	|	ANIMALS	|	పులి 	|	JAGUAR	|	పులి _CLUE	|	HTTP://UPLOAD.WIKIMEDIA.ORG/WIKIPEDIA/COMMONS/THUMB/F/FC/JAGUAR.JPG/800PX-JAGUAR.JPG	|	
271	|	ANIMALS	|	కంగారు పిల్ల 	|	JOEY	|	కంగారు పిల్ల _CLUE	|	HTTP://UPLOAD.WIKIMEDIA.ORG/WIKIPEDIA/COMMONS/THUMB/8/8C/BABY_KANGAROO.JPG/800PX-BABY_KANGAROO.JPG	|	
272	|	ANIMALS	|	కంగారు 	|	KANGAROO	|	కంగారు _CLUE	|	HTTP://UPLOAD.WIKIMEDIA.ORG/WIKIPEDIA/COMMONS/THUMB/0/0D/KANGAROO_AND_JOEY03.JPG/400PX-KANGAROO_AND_JOEY03.JPG	|	
273	|	ANIMALS	|	పిల్లి పిల్ల 	|	KITTEN	|	పిల్లి పిల్ల _CLUE	|	HTTP://UPLOAD.WIKIMEDIA.ORG/WIKIPEDIA/COMMONS/THUMB/1/1B/PERSIAN_CAT_%28KITTEN%29.JPG/513PX-PERSIAN_CAT_%28KITTEN%29.JPG	|	
274	|	ANIMALS	|	ఆరుద్ర పురుగు	|	LADY BIRD	|	ఆరుద్ర పురుగు_CLUE	|	HTTP://WWW.NATUREPHOTO-CZ.COM/PHOTOS/KRASENSKY/LADY-BIRD-SPIDER-0107.JPG	|	
275	|	ANIMALS	|	లేడీ బగ్	|	LADY BUG  	|	లేడీ బగ్_CLUE	|	HTTP://UPLOAD.WIKIMEDIA.ORG/WIKIPEDIA/COMMONS/THUMB/F/F2/COCCINELLA_MAGNIFICA01.JPG/800PX-COCCINELLA_MAGNIFICA01.JPG	|	
276	|	ANIMALS	|	మేక పిల్ల 	|	LAMB	|	మేక పిల్ల _CLUE	|	HTTP://4.BP.BLOGSPOT.COM/-7AXP5YOOY-Q/UO9F0YQ5SZI/AAAAAAABDMG/GMNUW2FAQME/S320/THE_LAMB.JPG	|	
277	|	ANIMALS	|	భరద్వాజ పక్షి 	|	LARK	|	భరద్వాజ పక్షి _CLUE	|	HTTP://UPLOAD.WIKIMEDIA.ORG/WIKIPEDIA/COMMONS/D/D8/ALAUDA_ARVENSIS_2.JPG	|	
278	|	ANIMALS	|	భరత పక్షి	|	LARK	|	భరత పక్షి_CLUE	|	HTTP://UPLOAD.WIKIMEDIA.ORG/WIKIPEDIA/COMMONS/D/D8/ALAUDA_ARVENSIS_2.JPG	|	
279	|	ANIMALS	|	జలగ 	|	LEECH	|	జలగ _CLUE	|	HTTP://UPLOAD.WIKIMEDIA.ORG/WIKIPEDIA/COMMONS/THUMB/A/A2/SV%C3%B8MMENDE_BLODIGLE.JPG/657PX-SV%C3%B8MMENDE_BLODIGLE.JPG	|	
280	|	ANIMALS	|	చిరుత పులి 	|	LEOPARD	|	చిరుత పులి _CLUE	|	HTTP://UPLOAD.WIKIMEDIA.ORG/WIKIPEDIA/COMMONS/THUMB/C/C5/LEOPARD_AFRICA.JPG/450PX-LEOPARD_AFRICA.JPG	|	
281	|	ANIMALS	|	పేలు 	|	LICE	|	పేలు _CLUE	|	HTTP://UPLOAD.WIKIMEDIA.ORG/WIKIPEDIA/COMMONS/B/B7/LICE_IMAGE01.JPG	|	
282	|	ANIMALS	|	సింహము 	|	LION	|	సింహము _CLUE	|	HTTP://UPLOAD.WIKIMEDIA.ORG/WIKIPEDIA/COMMONS/THUMB/7/73/LION_WAITING_IN_NAMIBIA.JPG/800PX-LION_WAITING_IN_NAMIBIA.JPG	|	
283	|	ANIMALS	|	కొండ ముచ్చు	|	LION MONKEY	|	కొండ ముచ్చు_CLUE	|	HTTP://FARM2.STATIC.FLICKR.COM/1101/1463935929_BE5E98D6E0.JPG	|	
284	|	ANIMALS	|	ఆడ సింహము 	|	LIONESS	|	ఆడ సింహము _CLUE	|	HTTP://UPLOAD.WIKIMEDIA.ORG/WIKIPEDIA/COMMONS/THUMB/C/C6/OKONJIMA_LIONESS.JPG/688PX-OKONJIMA_LIONESS.JPG	|	
285	|	ANIMALS	|	బల్లి 	|	LIZARD	|	బల్లి _CLUE	|	HTTP://UPLOAD.WIKIMEDIA.ORG/WIKIPEDIA/COMMONS/THUMB/1/18/BARTAGAME_FCM.JPG/623PX-BARTAGAME_FCM.JPG	|	
286	|	ANIMALS	|	మిడుత 	|	LOCUST	|	మిడుత _CLUE	|	HTTP://UPLOAD.WIKIMEDIA.ORG/WIKIPEDIA/COMMONS/F/F2/SGR_LAYING.JPG	|	
287	|	ANIMALS	|	వస పిట్ట	|	MAGPIE	|	వస పిట్ట_CLUE	|	HTTP://UPLOAD.WIKIMEDIA.ORG/WIKIPEDIA/COMMONS/THUMB/E/E7/MAGPIE_ARP.JPG/466PX-MAGPIE_ARP.JPG	|	
288	|	ANIMALS	|	ముంగిస 	|	MANGOOSE	|	ముంగిస _CLUE	|	HTTP://UPLOAD.WIKIMEDIA.ORG/WIKIPEDIA/COMMONS/THUMB/E/E5/DWARF_MONGOOSE_KORKEASAARI_ZOO.JPG/800PX-DWARF_MONGOOSE_KORKEASAARI_ZOO.JPG	|	
289	|	ANIMALS	|	ఆడ గుర్రము 	|	MARE	|	ఆడ గుర్రము _CLUE	|	HTTPS://UPLOAD.WIKIMEDIA.ORG/WIKIPEDIA/COMMONS/B/B5/HORSES.LONDON.750PIX.JPG	|	
290	|	ANIMALS	|	కోతి	|	MONKEY	|	కోతి_CLUE	|	HTTPS://UPLOAD.WIKIMEDIA.ORG/WIKIPEDIA/COMMONS/THUMB/D/D7/CRAB-EATING_MACAQUE_TREE.JPG/326PX-CRAB-EATING_MACAQUE_TREE.JPG	|	
291	|	ANIMALS	|	దోమ 	|	MOSQUITO	|	దోమ _CLUE	|	HTTP://UPLOAD.WIKIMEDIA.ORG/WIKIPEDIA/COMMONS/THUMB/D/DC/MOSQUITO_2007-2.JPG/670PX-MOSQUITO_2007-2.JPG	|	
292	|	ANIMALS	|	కొండ గొర్రె 	|	MOUNTAIN GOAT	|	కొండ గొర్రె _CLUE	|	HTTP://UPLOAD.WIKIMEDIA.ORG/WIKIPEDIA/COMMONS/THUMB/8/85/OREAMNOS_AMERICANUS_21073.JPG/800PX-OREAMNOS_AMERICANUS_21073.JPG	|	
293	|	ANIMALS	|	చిట్టెలుక 	|	MOUSE	|	చిట్టెలుక _CLUE	|	HTTP://UPLOAD.WIKIMEDIA.ORG/WIKIPEDIA/COMMONS/0/0D/%D0%9C%D1%8B%D1%88%D1%8C_2.JPG	|	
294	|	ANIMALS	|	కంచర గాడిద	|	MULE	|	కంచర గాడిద_CLUE	|	HTTP://UPLOAD.WIKIMEDIA.ORG/WIKIPEDIA/COMMONS/THUMB/E/E0/JUANCITO.JPG/800PX-JUANCITO.JPG	|	
295	|	ANIMALS	|	కస్తూరి మృగము	|	MUSK DEER	|	కస్తూరి మృగము_CLUE	|	HTTP://UPLOAD.WIKIMEDIA.ORG/WIKIPEDIA/COMMONS/8/8D/MOSCHUSTIER.JPG	|	
296	|	ANIMALS	|	అష్ట శిరోపాది	|	OCTOPUS	|	అష్ట శిరోపాది_CLUE	|	HTTP://UPLOAD.WIKIMEDIA.ORG/WIKIPEDIA/COMMONS/THUMB/5/57/OCTOPUS2.JPG/788PX-OCTOPUS2.JPG	|	
297	|	ANIMALS	|	గాలు కొంగ	|	OPENBILL STORK	|	గాలు కొంగ_CLUE	|	HTTP://BLOGS.CRIKEY.COM.AU/NORTHERN/FILES/2008/09/ASIAN-OPENBILL-STORK.JPG	|	
298	|	ANIMALS	|	నిప్పు కోడి 	|	OSTRICH	|	నిప్పు కోడి _CLUE	|	HTTP://UPLOAD.WIKIMEDIA.ORG/WIKIPEDIA/COMMONS/9/92/OSTRICHES_CAPE_POINT_CROPPED.JPG	|	
299	|	ANIMALS	|	గుడ్ల గూబ	|	OWL	|	గుడ్ల గూబ_CLUE	|	HTTP://PHOTOS.FOTER.COM/81/OPERATION-DICK-BABY-AFRICAN-WOOD-OWL-STRIX-WOODFORDII_L.JPG	|	
300	|	ANIMALS	|	ఎద్దు 	|	OX	|	ఎద్దు _CLUE	|	HTTP://UPLOAD.WIKIMEDIA.ORG/WIKIPEDIA/COMMONS/THUMB/9/97/GRAY_ZEBU_BULL.JPG/220PX-GRAY_ZEBU_BULL.JPG	|	
301	|	ANIMALS	|	పాండా	|	PANDA	|	పాండా_CLUE	|	HTTP://UPLOAD.WIKIMEDIA.ORG/WIKIPEDIA/COMMONS/THUMB/0/0F/GROSSER_PANDA.JPG/800PX-GROSSER_PANDA.JPG	|	
302	|	ANIMALS	|	చిరుత పులి 	|	PANTHER	|	చిరుత పులి _CLUE	|	HTTP://BEATSPIECESLONDON.FILES.WORDPRESS.COM/2011/06/48737-PANTHER.JPEG	|	
303	|	ANIMALS	|	రామ చిలుక 	|	PARROT	|	రామ చిలుక _CLUE	|	HTTP://UPLOAD.WIKIMEDIA.ORG/WIKIPEDIA/COMMONS/E/E1/ROSE-RINGED_PARAKEET_%28MALE%29_I_IMG_9141.JPG	|	
304	|	ANIMALS	|	కౌజు పిట్ట	|	PARTRIDGE	|	కౌజు పిట్ట_CLUE	|	HTTP://UPLOAD.WIKIMEDIA.ORG/WIKIPEDIA/COMMONS/6/6F/PERDIX_PERDIX_%28MAREK_SZCZEPANEK%29.JPG	|	
305	|	ANIMALS	|	కౌజు పిట్ట 	|	PATRIDGE	|	కౌజు పిట్ట _CLUE	|	HTTP://2.BP.BLOGSPOT.COM/-RPKQZUOT_5E/UCFFAWSJEZI/AAAAAAAAADK/T_SUYUAXPXA/S1600/1.JPG	|	
306	|	ANIMALS	|	నెమలి 	|	PEACOCK	|	నెమలి _CLUE	|	HTTP://UPLOAD.WIKIMEDIA.ORG/WIKIPEDIA/COMMONS/THUMB/8/83/INDIAN_PEAFOWL.JPG/800PX-INDIAN_PEAFOWL.JPG	|	
307	|	ANIMALS	|	 గూడ కొంగ	|	PELICAN 	|	 గూడ కొంగ_CLUE	|	HTTPS://UPLOAD.WIKIMEDIA.ORG/WIKIPEDIA/COMMONS/THUMB/D/D4/PELIKAN_WALVIS_BAY.JPG/800PX-PELIKAN_WALVIS_BAY.JPG	|	
308	|	ANIMALS	|	పె౦గ్విను	|	PENGUIN	|	పె౦గ్విను_CLUE	|	HTTP://UPLOAD.WIKIMEDIA.ORG/WIKIPEDIA/COMMONS/B/BE/PYGOSCELIS_PAPUA.JPG	|	
309	|	ANIMALS	|	తీతువు పిట్ట	|	PEWIT	|	తీతువు పిట్ట_CLUE	|	HTTPS://WWW.THEIMAGEFILE.COM/V/TP/323/299/4048475050_4_PEWIT-LAPWING-GRASS-GREEN.JPG	|	
310	|	ANIMALS	|	పావురము 	|	PIGEON	|	పావురము _CLUE	|	HTTP://UPLOAD.WIKIMEDIA.ORG/WIKIPEDIA/COMMONS/THUMB/8/89/INDIA_DOVE.JPG/800PX-INDIA_DOVE.JPG	|	
311	|	ANIMALS	|	పంది  పిల్ల 	|	PIGLET	|	పంది  పిల్ల _CLUE	|	HTTP://WWW.CONCERNGIFTS.ORG/PAGELETS/RESIZEIMAGE.PHP?PATH=/IMAGES/PRODUCTS/PIGLET.JPG&WIDTH=300&HEIGHT=200	|	
312	|	ANIMALS	|	చిన్న గుర్రము 	|	PONY	|	చిన్న గుర్రము _CLUE	|	HTTP://UPLOAD.WIKIMEDIA.ORG/WIKIPEDIA/COMMONS/4/4A/T%C3%B6LT.JPG	|	
313	|	ANIMALS	|	ముళ్ళ పంది	|	PORCUPINE	|	ముళ్ళ పంది_CLUE	|	HTTP://UPLOAD.WIKIMEDIA.ORG/WIKIPEDIA/COMMONS/THUMB/8/8C/PORCUPINECABELASSPRINGFIELD0511.JPG/450PX-PORCUPINECABELASSPRINGFIELD0511.JPG	|	
314	|	ANIMALS	|	ముళ్ళ పంది 	|	PORCUPINE	|	ముళ్ళ పంది _CLUE	|	HTTP://UPLOAD.WIKIMEDIA.ORG/WIKIPEDIA/COMMONS/THUMB/2/21/BRUSH_TAILED_PORCUPINE_BERLIN_ZOO.JPG/800PX-BRUSH_TAILED_PORCUPINE_BERLIN_ZOO.JPG	|	
315	|	ANIMALS	|	చిరుత పులి  	|	PUMA	|	చిరుత పులి  _CLUE	|	HTTP://PUMAPAC.ORG/WP-CONTENT/UPLOADS/2012/11/PUMA-ON-ROCK.JPG	|	
316	|	ANIMALS	|	కుక్క పిల్ల 	|	PUPPY	|	కుక్క పిల్ల _CLUE	|	HTTP://HOWTOPOTTYTRAINAPUPPYDOG.NET/WP-CONTENT/UPLOADS/2012/02/PUPPY-VINEGAR-WATER-TRAINING.JPG	|	
317	|	ANIMALS	|	కొండ చిలువ 	|	PYTHON	|	కొండ చిలువ _CLUE	|	HTTP://WWW.EVERWONDER.COM/DAVID/SNAKES/PYTHON.JPG	|	
318	|	ANIMALS	|	కోలంకి పిట్ట	|	QUAIL	|	కోలంకి పిట్ట_CLUE	|	HTTP://UPLOAD.WIKIMEDIA.ORG/WIKIPEDIA/COMMONS/THUMB/7/73/BROWN_QUAIL.JPG/724PX-BROWN_QUAIL.JPG	|	
319	|	ANIMALS	|	సీమ కుందేలు 	|	RABBIT	|	సీమ కుందేలు _CLUE	|	HTTP://UPLOAD.WIKIMEDIA.ORG/WIKIPEDIA/COMMONS/THUMB/3/3B/RABBIT_IN_MONTANA.JPG/675PX-RABBIT_IN_MONTANA.JPG	|	
320	|	ANIMALS	|	పొట్టేలు 	|	RAM	|	పొట్టేలు _CLUE	|	HTTP://CDN.OVERCLOCK.NET/8/86/86A93B8C_RAM-8734.JPEG	|	
321	|	ANIMALS	|	పొట్టేలు	|	RAM	|	పొట్టేలు_CLUE	|	HTTP://1.BP.BLOGSPOT.COM/-SXIZEKPNY0M/TGA6R7NYFLI/AAAAAAAAAGO/IUY_FSVJL6U/S1600/POTTELU.JPG	|	
322	|	ANIMALS	|	ఎలుక 	|	RAT	|	ఎలుక _CLUE	|	HTTP://UPLOAD.WIKIMEDIA.ORG/WIKIPEDIA/COMMONS/0/01/RATTUS_NORVEGICUS_1.JPG	|	
323	|	ANIMALS	|	గిలక పాము	|	RATTLE SNAKE	|	గిలక పాము_CLUE	|	HTTP://UPLOAD.WIKIMEDIA.ORG/WIKIPEDIA/COMMONS/THUMB/4/4B/CROTALUS_CERASTES_MESQUITE_SPRINGS_CA.JPG/800PX-CROTALUS_CERASTES_MESQUITE_SPRINGS_CA.JPG	|	
324	|	ANIMALS	|	ఖడ్గ మృగము 	|	RHINOCEROS	|	ఖడ్గ మృగము _CLUE	|	HTTP://UPLOAD.WIKIMEDIA.ORG/WIKIPEDIA/COMMONS/THUMB/6/63/DICEROS_BICORNIS.JPG/800PX-DICEROS_BICORNIS.JPG	|	
325	|	ANIMALS	|	నల్లి కండ్ల పాము	|	SALAMANDAR	|	నల్లి కండ్ల పాము_CLUE	|	HTTP://UPLOAD.WIKIMEDIA.ORG/WIKIPEDIA/COMMONS/B/B2/SPOTTEDSALAMANDER.JPG	|	
326	|	ANIMALS	|	తేలు	|	SCORPION	|	తేలు_CLUE	|	HTTP://UPLOAD.WIKIMEDIA.ORG/WIKIPEDIA/COMMONS/THUMB/8/8D/ASIAN_FOREST_SCORPION_IN_KHAO_YAI_NATIONAL_PARK.JPG/401PX-ASIAN_FOREST_SCORPION_IN_KHAO_YAI_NATIONAL_PARK.JPG	|	
327	|	ANIMALS	|	నీటి గుర్రము	|	SEA HORSE	|	నీటి గుర్రము_CLUE	|	HTTP://UPLOAD.WIKIMEDIA.ORG/WIKIPEDIA/COMMONS/THUMB/4/4B/HIPPOCAMPUS.JPG/411PX-HIPPOCAMPUS.JPG	|	
328	|	ANIMALS	|	నీటి సింహము 	|	SEA LION	|	నీటి సింహము _CLUE	|	HTTP://UPLOAD.WIKIMEDIA.ORG/WIKIPEDIA/COMMONS/THUMB/4/4C/SEALION052006.JPG/800PX-SEALION052006.JPG	|	
329	|	ANIMALS	|	సముద్రపు పక్షి 	|	SEAGULL	|	సముద్రపు పక్షి _CLUE	|	HTTP://UPLOAD.WIKIMEDIA.ORG/WIKIPEDIA/COMMONS/F/FB/SEAGULL_IN_FLIGHT_BY_JIYANG_CHEN.JPG	|	
330	|	ANIMALS	|	సొర పొట్టు 	|	SHARK	|	సొర పొట్టు _CLUE	|	HTTP://UPLOAD.WIKIMEDIA.ORG/WIKIPEDIA/COMMONS/B/BB/TIBUR%C3%B3N.JPG	|	
331	|	ANIMALS	|	గొర్రె 	|	SHEEP	|	గొర్రె _CLUE	|	HTTP://UPLOAD.WIKIMEDIA.ORG/WIKIPEDIA/COMMONS/THUMB/2/2C/FLOCK_OF_SHEEP.JPG/394PX-FLOCK_OF_SHEEP.JPG	|	
332	|	ANIMALS	|	రొయ్య	|	SHRIMP	|	రొయ్య_CLUE	|	HTTP://UPLOAD.WIKIMEDIA.ORG/WIKIPEDIA/COMMONS/B/B9/PALAEMON_SERRATUS_CROAZIA.JPG	|	
333	|	ANIMALS	|	పట్టు పురుగు 	|	SILK WORM	|	పట్టు పురుగు _CLUE	|	HTTP://WWW.JUNKMAIL.CO.ZA/IMAGES/LARGE_WEB/2012/9/20/MOB_PHOTO1D52AAD237E03BF8.JPG	|	
334	|	ANIMALS	|	దేవాంగ పిల్లి 	|	SLOTH	|	దేవాంగ పిల్లి _CLUE	|	HTTP://UPLOAD.WIKIMEDIA.ORG/WIKIPEDIA/COMMONS/THUMB/1/18/BRADYPUS.JPG/450PX-BRADYPUS.JPG	|	
335	|	ANIMALS	|	నత్త	|	SNAIL	|	నత్త_CLUE	|	HTTP://UPLOAD.WIKIMEDIA.ORG/WIKIPEDIA/COMMONS/THUMB/6/69/GRAPEVINESNAIL_01.JPG/800PX-GRAPEVINESNAIL_01.JPG	|	
336	|	ANIMALS	|	పాము 	|	SNAKE	|	పాము _CLUE	|	HTTP://UPLOAD.WIKIMEDIA.ORG/WIKIPEDIA/COMMONS/THUMB/7/76/COAST_GARTER_SNAKE.JPG/800PX-COAST_GARTER_SNAKE.JPG	|	
337	|	ANIMALS	|	ఉల్లంగి పిట్ట	|	SNIPE	|	ఉల్లంగి పిట్ట_CLUE	|	HTTP://UPLOAD.WIKIMEDIA.ORG/WIKIPEDIA/COMMONS/THUMB/5/5F/GALLINAGO_STENURA_-_LAEM_PAK_BIA.JPG/800PX-GALLINAGO_STENURA_-_LAEM_PAK_BIA.JPG	|	
338	|	ANIMALS	|	ఆడ పంది 	|	SOW	|	ఆడ పంది _CLUE	|	HTTP://FARM4.STATICFLICKR.COM/3189/2596958089_CD6A3E84DD_Z.JPG	|	
339	|	ANIMALS	|	పిచ్చుక 	|	SPARROW	|	పిచ్చుక _CLUE	|	HTTP://UPLOAD.WIKIMEDIA.ORG/WIKIPEDIA/COMMONS/THUMB/F/F5/HOUSE_SPARROW_MAR08.JPG/800PX-HOUSE_SPARROW_MAR08.JPG	|	
340	|	ANIMALS	|	సాలీడు 	|	SPIDER	|	సాలీడు _CLUE	|	HTTP://UPLOAD.WIKIMEDIA.ORG/WIKIPEDIA/COMMONS/C/C2/MALE_GOLIATH_BIRDEATER_111508_013.JPG	|	
341	|	ANIMALS	|	తెడ్డు మూతి కొంగ	|	SPOONBILL	|	తెడ్డు మూతి కొంగ_CLUE	|	HTTP://UPLOAD.WIKIMEDIA.ORG/WIKIPEDIA/COMMONS/THUMB/2/20/ROYAL_SPOONBILL_MOUTH_OPEN.JPG/400PX-ROYAL_SPOONBILL_MOUTH_OPEN.JPG	|	
342	|	ANIMALS	|	ఉడుత 	|	SQUIRREL	|	ఉడుత _CLUE	|	HTTP://UPLOAD.WIKIMEDIA.ORG/WIKIPEDIA/COMMONS/6/68/SCIURIDAE.JPG	|	
343	|	ANIMALS	|	జింక 	|	STAG	|	జింక _CLUE	|	HTTP://UPLOAD.WIKIMEDIA.ORG/WIKIPEDIA/COMMONS/THUMB/9/96/CERVUS_NIPPON_DYBOWSKI_SOLO.JPG/693PX-CERVUS_NIPPON_DYBOWSKI_SOLO.JPG	|	
344	|	ANIMALS	|	దుప్పి	|	STAG	|	దుప్పి_CLUE	|	HTTP://UPLOAD.WIKIMEDIA.ORG/WIKIPEDIA/COMMONS/THUMB/9/96/CERVUS_NIPPON_DYBOWSKI_SOLO.JPG/693PX-CERVUS_NIPPON_DYBOWSKI_SOLO.JPG	|	
345	|	ANIMALS	|	మగ గుర్రము 	|	STALLION	|	మగ గుర్రము _CLUE	|	HTTP://UPLOAD.WIKIMEDIA.ORG/WIKIPEDIA/COMMONS/THUMB/0/04/PUERTO_RICAN-PASO-FINO-HORSE-CHESTNUT.JPG/576PX-PUERTO_RICAN-PASO-FINO-HORSE-CHESTNUT.JPG	|	
346	|	ANIMALS	|	కొంగ 	|	STORK	|	కొంగ _CLUE	|	HTTP://UPLOAD.WIKIMEDIA.ORG/WIKIPEDIA/COMMONS/3/32/ASIAN_OPENBILL_%28ANASTOMUS_OSCITANS%29_IN_KOLKATA_I_IMG_0495.JPG	|	
347	|	ANIMALS	|	వాన కోయిల	|	SWALLOW	|	వాన కోయిల_CLUE	|	HTTP://UPLOAD.WIKIMEDIA.ORG/WIKIPEDIA/COMMONS/THUMB/0/0F/RED-RUMPEDSWALLOW01.JPG/400PX-RED-RUMPEDSWALLOW01.JPG	|	
348	|	ANIMALS	|	హంస 	|	SWAN	|	హంస _CLUE	|	HTTP://UPLOAD.WIKIMEDIA.ORG/WIKIPEDIA/COMMONS/1/12/CYGNUS_OLOR_2_%28MAREK_SZCZEPANEK%29.JPG	|	
349	|	ANIMALS	|	పంది	|	SWINE	|	పంది_CLUE	|	HTTP://H1N1.NET/WP-CONTENT/UPLOADS/2012/03/SWINE-FLU.JPG	|	
350	|	ANIMALS	|	కప్పు పిల్ల 	|	TADPOLE	|	కప్పు పిల్ల _CLUE	|	HTTP://UPLOAD.WIKIMEDIA.ORG/WIKIPEDIA/COMMONS/THUMB/6/60/KAULQUAPPEN_TADPOLE_3.JPG/800PX-KAULQUAPPEN_TADPOLE_3.JPG	|	
351	|	ANIMALS	|	పులి 	|	TIGER	|	పులి _CLUE	|	HTTP://UPLOAD.WIKIMEDIA.ORG/WIKIPEDIA/COMMONS/2/2E/TIGERRAMKI.JPG	|	
352	|	ANIMALS	|	గోOడ్రు కప్పు 	|	TOAD	|	గోOడ్రు కప్పు _CLUE	|	HTTP://WWW.WILDHERPS.COM/IMAGES/HERPS/STANDARD/04080732PD_G_PLAINS_TOAD.JPG	|	
353	|	ANIMALS	|	తాబేలు 	|	TORTOISE	|	తాబేలు _CLUE	|	HTTP://UPLOAD.WIKIMEDIA.ORG/WIKIPEDIA/COMMONS/THUMB/A/AA/A._GIGANTEA_ALDABRA_GIANT_TORTOISE.JPG/800PX-A._GIGANTEA_ALDABRA_GIANT_TORTOISE.JPG	|	
354	|	ANIMALS	|	గిన్నె కోడి	|	TURKEY	|	గిన్నె కోడి_CLUE	|	HTTP://IMAGES.NATIONALGEOGRAPHIC.COM/WPF/MEDIA-LIVE/PHOTOS/000/007/CACHE/WILD-TURKEY_765_600X450.JPG	|	
355	|	ANIMALS	|	కట్ల పాము 	|	VIPER	|	కట్ల పాము _CLUE	|	HTTP://UPLOAD.WIKIMEDIA.ORG/WIKIPEDIA/COMMONS/3/33/BANDEDKRAIT.JPG	|	
356	|	ANIMALS	|	రాబందు 	|	VULTURE	|	రాబందు _CLUE	|	HTTP://UPLOAD.WIKIMEDIA.ORG/WIKIPEDIA/COMMONS/THUMB/4/4E/EAGLE_BEAK_SIDEVIEW_A.JPG/600PX-EAGLE_BEAK_SIDEVIEW_A.JPG	|	
357	|	ANIMALS	|	మ౦ద పిచ్చుక	|	WAGTAIL	|	మ౦ద పిచ్చుక_CLUE	|	HTTP://UPLOAD.WIKIMEDIA.ORG/WIKIPEDIA/COMMONS/5/55/WHITE-WAGTAIL.JPG	|	
358	|	ANIMALS	|	నీటి ఏనుగు 	|	WALRUS	|	నీటి ఏనుగు _CLUE	|	HTTP://UPLOAD.WIKIMEDIA.ORG/WIKIPEDIA/COMMONS/THUMB/C/CE/NOAA-WALRUS22.JPG/800PX-NOAA-WALRUS22.JPG	|	
359	|	ANIMALS	|	కందిరీగ	|	WASP	|	కందిరీగ_CLUE	|	HTTP://UPLOAD.WIKIMEDIA.ORG/WIKIPEDIA/COMMONS/THUMB/5/59/VESPULA_GERMANICA_RICHARD_BARTZ.JPG/449PX-VESPULA_GERMANICA_RICHARD_BARTZ.JPG	|	
360	|	ANIMALS	|	గిజిగాడి పిట్ట	|	WEAVER BIRD	|	గిజిగాడి పిట్ట_CLUE	|	HTTP://UPLOAD.WIKIMEDIA.ORG/WIKIPEDIA/COMMONS/THUMB/C/C7/BAYA_WEAVER_GOBI.JPG/621PX-BAYA_WEAVER_GOBI.JPG	|	
361	|	ANIMALS	|	తిమింగలము 	|	WHALE	|	తిమింగలము _CLUE	|	HTTP://UPLOAD.WIKIMEDIA.ORG/WIKIPEDIA/COMMONS/THUMB/6/6A/EUBALAENA_GLACIALIS_WITH_CALF.JPG/536PX-EUBALAENA_GLACIALIS_WITH_CALF.JPG	|	
362	|	ANIMALS	|	జెర్రి పోతు	|	WHIP SNAKE	|	జెర్రి పోతు_CLUE	|	HTTP://WWW.REPTILESOFAZ.ORG/GRAPHICS/SNAKES/MASBIL-2004.JPG	|	
363	|	ANIMALS	|	తెల్ల పులి	|	WHITE TIGER	|	తెల్ల పులి_CLUE	|	HTTP://STATIC.TUTTOGRATIS.IT/ATTUALITA/FOTOGALLERY/628X0/62285/TIGRE-BIANCA-NELLOSCURITA.JPG	|	
364	|	ANIMALS	|	అడవి పంది	|	WILD BOAR	|	అడవి పంది_CLUE	|	HTTP://UPLOAD.WIKIMEDIA.ORG/WIKIPEDIA/COMMONS/THUMB/F/F0/WILD_BOAR_HABBITAT_3.JPG/800PX-WILD_BOAR_HABBITAT_3.JPG	|	
365	|	ANIMALS	|	తోడేలు 	|	WOLF	|	తోడేలు _CLUE	|	HTTP://UPLOAD.WIKIMEDIA.ORG/WIKIPEDIA/COMMONS/1/19/VARG_FOTOGRAFERAD_PA_POLAR_ZOO_NORGE_%286%29.JPG	|	
366	|	ANIMALS	|	తోడేలు	|	WOLF	|	తోడేలు_CLUE	|	HTTP://UPLOAD.WIKIMEDIA.ORG/WIKIPEDIA/COMMONS/1/19/VARG_FOTOGRAFERAD_PA_POLAR_ZOO_NORGE_%286%29.JPG	|	
367	|	ANIMALS	|	లకుముకి పిట్ట	|	WOODPECKER	|	లకుముకి పిట్ట_CLUE	|	HTTP://UPLOAD.WIKIMEDIA.ORG/WIKIPEDIA/COMMONS/THUMB/1/1B/MELANERPES_STRIATUS001.JPG/400PX-MELANERPES_STRIATUS001.JPG	|	
368	|	ANIMALS	|	జడల బర్రె 	|	YAK	|	జడల బర్రె _CLUE	|	HTTPS://UPLOAD.WIKIMEDIA.ORG/WIKIPEDIA/COMMONS/THUMB/0/0E/BOS_GRUNNIENS_AT_LETDAR_ON_ANNAPURNA_CIRCUIT.JPG/800PX-BOS_GRUNNIENS_AT_LETDAR_ON_ANNAPURNA_CIRCUIT.JPG	|	
369	|	ANIMALS	|	జడల బర్రె	|	YAK	|	జడల బర్రె_CLUE	|	HTTPS://UPLOAD.WIKIMEDIA.ORG/WIKIPEDIA/COMMONS/THUMB/5/59/BOS_GRUNNIENS_-_SYRACUSE_ZOO.JPG/738PX-BOS_GRUNNIENS_-_SYRACUSE_ZOO.JPG	|	
370	|	ANIMALS	|	కంచర గాడిద 	|	ZEBRA	|	కంచర గాడిద _CLUE	|	HTTP://UPLOAD.WIKIMEDIA.ORG/WIKIPEDIA/COMMONS/THUMB/E/E3/PLAINS_ZEBRA_EQUUS_QUAGGA.JPG/399PX-PLAINS_ZEBRA_EQUUS_QUAGGA.JPG	|	
13	|	AMERICAN_AND_ITALIAN_FOODS	|	ఫ్రెంచ్ ఫ్రైస్	|	 FRENCH FRIES	|	ఫ్రెంచ్ ఫ్రైస్_CLUE	|		|	
14	|	AMERICAN_AND_ITALIAN_FOODS	|	ఆల్ఫ్రెదొ	|	ALFREDO	|	ఆల్ఫ్రెదొ_CLUE	|		|	
15	|	AMERICAN_AND_ITALIAN_FOODS	|	బ్యగెల్	|	BAGEL	|	బ్యగెల్_CLUE	|		|	
16	|	AMERICAN_AND_ITALIAN_FOODS	|	బీఫ్	|	BEEF	|	బీఫ్_CLUE	|		|	
17	|	AMERICAN_AND_ITALIAN_FOODS	|	బిట్టొ	|	BITTO	|	బిట్టొ_CLUE	|		|	
18	|	AMERICAN_AND_ITALIAN_FOODS	|	బ్రెడ్	|	BREAD	|	బ్రెడ్_CLUE	|		|	
19	|	AMERICAN_AND_ITALIAN_FOODS	|	బ్రుస్కెట్ట	|	BRUSCHETTA	|	బ్రుస్కెట్ట_CLUE	|		|	
20	|	AMERICAN_AND_ITALIAN_FOODS	|	బర్గర్	|	BURGER	|	బర్గర్_CLUE	|		|	
21	|	AMERICAN_AND_ITALIAN_FOODS	|	బూజో	|	BUSO	|	బూజో_CLUE	|		|	
22	|	AMERICAN_AND_ITALIAN_FOODS	|	కాల్జోనె	|	CALZONE	|	కాల్జోనె_CLUE	|		|	
23	|	AMERICAN_AND_ITALIAN_FOODS	|	కన్నోలి	|	CANNOLI	|	కన్నోలి_CLUE	|		|	
24	|	AMERICAN_AND_ITALIAN_FOODS	|	సిరియల్	|	CEREAL	|	సిరియల్_CLUE	|		|	
25	|	AMERICAN_AND_ITALIAN_FOODS	|	చీస్ కర్డ్స్	|	CHEESE CURDS	|	చీస్ కర్డ్స్_CLUE	|		|	
26	|	AMERICAN_AND_ITALIAN_FOODS	|	చికెన్  	|	CHICKEN	|	చికెన్  _CLUE	|		|	
27	|	AMERICAN_AND_ITALIAN_FOODS	|	చికెన్ నగ్గెట్స్	|	CHICKEN NUGGETS	|	చికెన్ నగ్గెట్స్_CLUE	|		|	
28	|	AMERICAN_AND_ITALIAN_FOODS	|	చిప్స్	|	CHIPS	|	చిప్స్_CLUE	|		|	
29	|	AMERICAN_AND_ITALIAN_FOODS	|	చబాట్టా	|	CIABATTA	|	చబాట్టా_CLUE	|		|	
30	|	AMERICAN_AND_ITALIAN_FOODS	|	కార్న్ డాగ్	|	CORN DOG	|	కార్న్ డాగ్_CLUE	|		|	
31	|	AMERICAN_AND_ITALIAN_FOODS	|	కోట్టో	|	COTTO	|	కోట్టో_CLUE	|		|	
32	|	AMERICAN_AND_ITALIAN_FOODS	|	కుకుంబర్	|	CUCUMBER	|	కుకుంబర్_CLUE	|		|	
33	|	AMERICAN_AND_ITALIAN_FOODS	|	కేక్	|	CUP	|	కేక్_CLUE	|		|	
34	|	AMERICAN_AND_ITALIAN_FOODS	|	ఫెట్టుచీనె	|	FETTUCCINE	|	ఫెట్టుచీనె_CLUE	|		|	
35	|	AMERICAN_AND_ITALIAN_FOODS	|	ఫొకాచ్చా	|	FOCACCIA	|	ఫొకాచ్చా_CLUE	|		|	
36	|	AMERICAN_AND_ITALIAN_FOODS	|	నాక్కి	|	GNOCCHI	|	నాక్కి_CLUE	|		|	
37	|	AMERICAN_AND_ITALIAN_FOODS	|	గమ్	|	GUM	|	గమ్_CLUE	|		|	
38	|	AMERICAN_AND_ITALIAN_FOODS	|	హ్యమ్ బర్గర్	|	HAMBURGER	|	హ్యమ్ బర్గర్_CLUE	|		|	
39	|	AMERICAN_AND_ITALIAN_FOODS	|	హాట్ డాగ	|	HOT DOG	|	హాట్ డాగ_CLUE	|		|	
40	|	AMERICAN_AND_ITALIAN_FOODS	|	ఐస్ క్రేమ్	|	ICE CREAM	|	ఐస్ క్రేమ్_CLUE	|		|	
41	|	AMERICAN_AND_ITALIAN_FOODS	|	జెర్కీ	|	JERKEY	|	జెర్కీ_CLUE	|		|	
42	|	AMERICAN_AND_ITALIAN_FOODS	|	కీ లైమ్ ఆన్ ఎ స్టిక్	|	KEYLIME PIE ON A STICK	|	కీ లైమ్ ఆన్ ఎ స్టిక్_CLUE	|		|	
43	|	AMERICAN_AND_ITALIAN_FOODS	|	లసానియ	|	LASAGNA	|	లసానియ_CLUE	|		|	
44	|	AMERICAN_AND_ITALIAN_FOODS	|	లింగ్వీనె	|	LINGUINE	|	లింగ్వీనె_CLUE	|		|	
45	|	AMERICAN_AND_ITALIAN_FOODS	|	మారినారా	|	MARINARA	|	మారినారా_CLUE	|		|	
46	|	AMERICAN_AND_ITALIAN_FOODS	|	పొటాటోస్	|	MASHED	|	పొటాటోస్_CLUE	|		|	
47	|	AMERICAN_AND_ITALIAN_FOODS	|	మీట్ లోఫ్	|	MEATLOAF	|	మీట్ లోఫ్_CLUE	|		|	
48	|	AMERICAN_AND_ITALIAN_FOODS	|	మినిస్ట్రోనె	|	MINESTRONE	|	మినిస్ట్రోనె_CLUE	|		|	
49	|	AMERICAN_AND_ITALIAN_FOODS	|	మొజ్జరెల్ల	|	MOZZARELLA	|	మొజ్జరెల్ల_CLUE	|		|	
50	|	AMERICAN_AND_ITALIAN_FOODS	|	మఫిన్	|	MUFFIN	|	మఫిన్_CLUE	|		|	
51	|	AMERICAN_AND_ITALIAN_FOODS	|	ఓట్ మీల్	|	OAT MEAL	|	ఓట్ మీల్_CLUE	|		|	
52	|	AMERICAN_AND_ITALIAN_FOODS	|	ప్యాన్ కేక్స్	|	PAN CAKES	|	ప్యాన్ కేక్స్_CLUE	|		|	
53	|	AMERICAN_AND_ITALIAN_FOODS	|	పాంజనెల్ల	|	PANZANELLA	|	పాంజనెల్ల_CLUE	|		|	
54	|	AMERICAN_AND_ITALIAN_FOODS	|	పాస్త	|	PASTA	|	పాస్త_CLUE	|		|	
55	|	AMERICAN_AND_ITALIAN_FOODS	|	పెన్నె	|	PENNE	|	పెన్నె_CLUE	|		|	
56	|	AMERICAN_AND_ITALIAN_FOODS	|	పెస్తో	|	PESTO	|	పెస్తో_CLUE	|		|	
57	|	AMERICAN_AND_ITALIAN_FOODS	|	పై	|	PIE	|	పై_CLUE	|		|	
58	|	AMERICAN_AND_ITALIAN_FOODS	|	పిజ్జా	|	PIZZA	|	పిజ్జా_CLUE	|		|	
59	|	AMERICAN_AND_ITALIAN_FOODS	|	పాప్ కార్న్	|	POPCORN	|	పాప్ కార్న్_CLUE	|		|	
60	|	AMERICAN_AND_ITALIAN_FOODS	|	పోర్క్	|	PORK	|	పోర్క్_CLUE	|		|	
61	|	AMERICAN_AND_ITALIAN_FOODS	|	రవియోలి	|	RAVIOLI	|	రవియోలి_CLUE	|		|	
62	|	AMERICAN_AND_ITALIAN_FOODS	|	రిసోట్టొ	|	RISOTTO	|	రిసోట్టొ_CLUE	|		|	
63	|	AMERICAN_AND_ITALIAN_FOODS	|	సలాడ్	|	SALAD	|	సలాడ్_CLUE	|		|	
64	|	AMERICAN_AND_ITALIAN_FOODS	|	సలామి	|	SALAMI	|	సలామి_CLUE	|		|	
65	|	AMERICAN_AND_ITALIAN_FOODS	|	స్యాండ్ విచ్	|	SANDWICH	|	స్యాండ్ విచ్_CLUE	|		|	
66	|	AMERICAN_AND_ITALIAN_FOODS	|	సాసేజ్	|	SAUSAGE	|	సాసేజ్_CLUE	|		|	
67	|	AMERICAN_AND_ITALIAN_FOODS	|	సోడా	|	SODA	|	సోడా_CLUE	|		|	
68	|	AMERICAN_AND_ITALIAN_FOODS	|	స్పగెట్టి	|	SPAGHETTI	|	స్పగెట్టి_CLUE	|		|	
69	|	AMERICAN_AND_ITALIAN_FOODS	|	స్టీక్	|	STEAK	|	స్టీక్_CLUE	|		|	
70	|	AMERICAN_AND_ITALIAN_FOODS	|	టోస్ట్	|	TOAST	|	టోస్ట్_CLUE	|		|	
71	|	AMERICAN_AND_ITALIAN_FOODS	|	వెర్మిచెల్లి	|	VERMICILLI	|	వెర్మిచెల్లి_CLUE	|		|	
72	|	AMERICAN_AND_ITALIAN_FOODS	|	జీటి	|	ZITI	|	జీటి_CLUE	|		|	
73	|	ANDHRA_SWEETS_SNACKS	|	ఆగ్రా పాన్ 	|	AGRA PAN	|	ఆగ్రా పాన్ _CLUE	|	HTTP://4.BP.BLOGSPOT.COM/-1WITPPQGXII/TOGC8OHZBZI/AAAAAAAALIW/NEU8JSUS7OQ/S1600/PAAN+PETHA.JPG	|	
74	|	ANDHRA_SWEETS_SNACKS	|	అగ్ర పేత 	|	AGRA PETHA 	|	అగ్ర పేత _CLUE	|	HTTP://WWW.TAJMAHALTOURS-INDIA.COM/BLOG/WP-CONTENT/UPLOADS/2012/09/AGRA_PETHA.JPG	|	
75	|	ANDHRA_SWEETS_SNACKS	|	అజ్మీరి కలాకానీ 	|	AJMIRI KALAKAND 	|	అజ్మీరి కలాకానీ _CLUE	|	HTTP://WWW.MITHAI4ALL.COM/IMAGES/PRODUCTS/G-PULLA-REDDY-SWEETS-AJMERI-KALAKAND-BIG.JPG	|	
76	|	ANDHRA_SWEETS_SNACKS	|	ఆలు సమోసా 	|	ALU SAMOSA	|	ఆలు సమోసా _CLUE	|	HTTP://WWW.BOLDSKY.COM/IMG/2011/10/24-ALOO-SAMOSA-241011.JPG	|	
77	|	ANDHRA_SWEETS_SNACKS	|	అనార్కలి 	|	ANARKALI 	|	అనార్కలి _CLUE	|	HTTP://WWW.MITHAI4ALL.COM/IMAGES/PRODUCTS/G-PULLA-REDDY-SWEETS-ANARKALI-BIG.JPG	|	
78	|	ANDHRA_SWEETS_SNACKS	|	అన్జీర్ రోల్ 	|	ANJEER ROLL 	|	అన్జీర్ రోల్ _CLUE	|	HTTP://JANATAMARKET.COM/DEV/IMAGES/KAJU%20ANJEER%20ROLL.JPG	|	
79	|	ANDHRA_SWEETS_SNACKS	|	అప్పాలు 	|	APPALU	|	అప్పాలు _CLUE	|	 HTTP://I.YTIMG.COM/VI/J6SOX6D6ZKI/0.JPG	|	
80	|	ANDHRA_SWEETS_SNACKS	|	అరిసెలు	|	ARISELU	|	అరిసెలు_CLUE	|	HTTP://UPLOAD.WIKIMEDIA.ORG/WIKIPEDIA/COMMONS/THUMB/3/37/ARISELU.JPG/800PX-ARISELU.JPG	|	
81	|	ANDHRA_SWEETS_SNACKS	|	అటుకుల ఉండలు 	|	ATUKULA UNDALU	|	అటుకుల ఉండలు _CLUE	|	HTTP://2.BP.BLOGSPOT.COM/_GY85HPAK7NY/SMAMYILHZTI/AAAAAAAABLG/CWKO50SDM8M/S400/KOBBARI+UNDALU2.JPG	|	
82	|	ANDHRA_SWEETS_SNACKS	|	బాదాం కతిలి 	|	BADAM KATHLI 	|	బాదాం కతిలి _CLUE	|	HTTP://WWW.GPULLAREDDYSWEETS.ORG/ADMIN/UPLOAD/PRODUCT/LIGHTBOX/BADAM-KATHLI.JPG	|	
83	|	ANDHRA_SWEETS_SNACKS	|	బాదాం రోల్ 	|	BADAM ROLL	|	బాదాం రోల్ _CLUE	|	HTTP://WWW.JUSTBUYGIFTS.COM/IMAGE/CACHE/DATA/INDIA/SWEETS/BADAM-ROLL-270X270.JPG	|	
84	|	ANDHRA_SWEETS_SNACKS	|	బాదుషా 	|	BADUSHA	|	బాదుషా _CLUE	|	HTTP://WWW.SPICYTASTY.COM/WP-CONTENT/UPLOADS/2012/11/BADUSHA-2.JPG	|	
85	|	ANDHRA_SWEETS_SNACKS	|	బందర్ హల్వా 	|	BANDAR HALWA 	|	బందర్ హల్వా _CLUE	|	HTTP://BANDARULADDU.COM/IMAGES/BH.PNG	|	
86	|	ANDHRA_SWEETS_SNACKS	|	బందరు లడ్డు 	|	BANDARU LADDU	|	బందరు లడ్డు _CLUE	|	HTTP://RECIPES2COOK.COM/WP-CONTENT/UPLOADS/2012/05/BANDARU-LADDU.JPG	|	
87	|	ANDHRA_SWEETS_SNACKS	|	బాసుంది 	|	BASUNDI	|	బాసుంది _CLUE	|	HTTP://WWW.GPULLAREDDYSWEETS.ORG/ADMIN/UPLOAD/PRODUCT/LIGHTBOX/BASUNDI.JPG	|	
88	|	ANDHRA_SWEETS_SNACKS	|	బెల్లం మిటాయి 	|	BELLAM MITAI 	|	బెల్లం మిటాయి _CLUE	|	HTTP://4.BP.BLOGSPOT.COM/_BQYDNNQN8C0/SCXJPVGGOZI/AAAAAAAAADC/IZ8R2PDBGZQ/S320/IMG_0058CROP.JPG	|	
89	|	ANDHRA_SWEETS_SNACKS	|	బొబ్బట్లు	|	BOBBATLU	|	బొబ్బట్లు_CLUE	|	HTTP://MADHUSVANTALU.FILES.WORDPRESS.COM/2007/03/CIMG1647C.JPG	|	
90	|	ANDHRA_SWEETS_SNACKS	|	బొంబాయి హల్వా 	|	BOMBAY HALWA 	|	బొంబాయి హల్వా _CLUE	|	HTTP://WWW.FOODKHAZANA.COM/IMAGE/CACHE/DATA/SWEETS/TRICOLOR%20HALWA-220X165.JPG	|	
91	|	ANDHRA_SWEETS_SNACKS	|	బ్రెడ్ బోండా 	|	BREAD BONDA	|	బ్రెడ్ బోండా _CLUE	|	HTTP://VBALUSANI.FILES.WORDPRESS.COM/2008/03/BREAD-BONDA-FINAL.JPG	|	
92	|	ANDHRA_SWEETS_SNACKS	|	బ్రెడ్ బర్ఫీ 	|	BREAD BURFI 	|	బ్రెడ్ బర్ఫీ _CLUE	|	HTTP://WWW.BOLDSKY.COM/IMG/2012/08/01-BREAD-BURFI-010812.JPG	|	
93	|	ANDHRA_SWEETS_SNACKS	|	కాబేజీ వడ 	|	CABBAGE VADA	|	కాబేజీ వడ _CLUE	|	HTTP://WWW.AAYISRECIPES.COM/WP-CONTENT/UPLOADS/2008/07/CABBAGE-VADA.JPG	|	
94	|	ANDHRA_SWEETS_SNACKS	|	కారెట్ హల్వా 	|	CARROT HALWA	|	కారెట్ హల్వా _CLUE	|	HTTP://UPLOAD.WIKIMEDIA.ORG/WIKIPEDIA/COMMONS/THUMB/4/40/GAJAR_KA_HALWA.JPG/800PX-GAJAR_KA_HALWA.JPG	|	
95	|	ANDHRA_SWEETS_SNACKS	|	కాష్యు సీతాఫల్ 	|	CASHEW SEETAFAL	|	కాష్యు సీతాఫల్ _CLUE	|	HTTP://WWW.SWAGRUHAFOODS.NET/IMAGE/CACHE/DATA/CASHEW/DSC_5082-500X500.JPG	|	
96	|	ANDHRA_SWEETS_SNACKS	|	కాష్యు స్ట్రాబెర్రీ 	|	CASHEW STRAWBERRY	|	కాష్యు స్ట్రాబెర్రీ _CLUE	|	HTTP://IMSHOPPING.REDIFF.COM/IMGSHOP/200-200/SHOPPING/PIXS/4557/D/DDFF29-15092009-113137.JPG	|	
97	|	ANDHRA_SWEETS_SNACKS	|	చక్కర పొంగలి 	|	CHAKKERA PONGALI	|	చక్కర పొంగలి _CLUE	|	HTTP://1.BP.BLOGSPOT.COM/-DYTHQGRIFIK/UBGOL3U7KSI/AAAAAAAAAYG/HLJE1N7OICG/S1600/CHAKKARA-PONGAL.JPG	|	
98	|	ANDHRA_SWEETS_SNACKS	|	చక్రాలు 	|	CHAKRALU	|	చక్రాలు _CLUE	|	 HTTP://WWW1.SULEKHA.COM/MSTORE/JONNADULA-MADHU/ALBUMS/DEFAULT/CHAKRALU.JPG	|	
99	|	ANDHRA_SWEETS_SNACKS	|	చలిమిడి 	|	CHALIVIDI	|	చలిమిడి _CLUE	|	HTTP://1.BP.BLOGSPOT.COM/_X5DUOMPB0BC/RA7QY4GVBMI/AAAAAAAAAG8/GZQF62ETISE/S320/CHALIMIDI.JPG	|	
100	|	ANDHRA_SWEETS_SNACKS	|	చంద్ర కాంతలు	|	CHANDRA KANTALU	|	చంద్ర కాంతలు_CLUE	|	HTTP://WWW.LOKTV.NET/IMAGES/ARTICLES/ENGLISH/CHANDRAKANTALU.JPG	|	
101	|	ANDHRA_SWEETS_SNACKS	|	చెకోడి 	|	CHEGODI 	|	చెకోడి _CLUE	|	HTTP://WWW.GPULLAREDDYSWEETS.ORG/ADMIN/UPLOAD/PRODUCT/LIGHTBOX/CHEGODI.JPG	|	
102	|	ANDHRA_SWEETS_SNACKS	|	చెక్కలు	|	CHEKKALU	|	చెక్కలు_CLUE	|	 HTTP://1.BP.BLOGSPOT.COM/_JB8JTAP9XR8/SF8OOGI_F8I/AAAAAAAAAGU/-OSUAKM2VME/S400/KARAPU+CHEKKALU.JPG	|	
103	|	ANDHRA_SWEETS_SNACKS	|	చిమిలి 	|	CHIMILI	|	చిమిలి _CLUE	|	HTTP://WWW.TALIMPU.COM/IMAGES/CHIMILI.JPG	|	
104	|	ANDHRA_SWEETS_SNACKS	|	చుడ్వా 	|	CHUDWA 	|	చుడ్వా _CLUE	|	HTTP://WWW.HYDERABADGIFTSDELIVERY.COM/CATEGORIES/SWEETS/IMAGES/DELHI_CHUDWA.JPG	|	
105	|	ANDHRA_SWEETS_SNACKS	|	కోకో బర్ఫీ 	|	COCO BURFI 	|	కోకో బర్ఫీ _CLUE	|	HTTP://WWW.GPULLAREDDYSWEETS.ORG/ADMIN/UPLOAD/PRODUCT/LIGHTBOX/COCO-BURFI.JPG	|	
106	|	ANDHRA_SWEETS_SNACKS	|	కోకో నట్ స్వీట్ 	|	COCONUT SWEET 	|	కోకో నట్ స్వీట్ _CLUE	|	HTTP://WWW.GPULLAREDDYSWEETS.ORG/ADMIN/UPLOAD/PRODUCT/LIGHTBOX/COCONUT-SWEET.JPG	|	
107	|	ANDHRA_SWEETS_SNACKS	|	దద్దోజనము 	|	DADDOJANAM	|	దద్దోజనము _CLUE	|	HTTP://4.BP.BLOGSPOT.COM/_RXH0XH0AYM4/S9PTL1H4-KI/AAAAAAAANRC/88HXMYOWGE0/S1600/DADDOJANAM.JPG	|	
108	|	ANDHRA_SWEETS_SNACKS	|	దాల్ ముడి 	|	DALMOTE 	|	దాల్ ముడి _CLUE	|	HTTP://WWW.GIFTAGIFT.COM/PRODUCTIMAGES/PRODUCTS/BIG_SWSSAV104.JPG	|	
109	|	ANDHRA_SWEETS_SNACKS	|	దోడా బుర్ఫీ 	|	DODA BURFI 	|	దోడా బుర్ఫీ _CLUE	|	HTTP://2DOORSTEP.COM/IMAGE/CACHE/DATA/SPICY%20FOOD/DODHA_BARFI-500X500.JPG	|	
110	|	ANDHRA_SWEETS_SNACKS	|	దూద్ పాపిడి 	|	DOOD PAPDI 	|	దూద్ పాపిడి _CLUE	|	HTTP://KITCHENTANTRAS.COM/WP-CONTENT/UPLOADS/THUMB-CACHE/0106CA5CF9FA45954D8FB10DCF2B5568-4ECBADB22ADA77AC55B7DF778431A930-600X188-100-CROP.JPG	|	
111	|	ANDHRA_SWEETS_SNACKS	|	దూద్ పేడ 	|	DOOD PEDA 	|	దూద్ పేడ _CLUE	|	HTTP://CDN.SAILUSFOOD.COM/WP-CONTENT/UPLOADS/2011/11/RECIPE-FOR-PEDA-MILK-FUDGE.JPG	|	
112	|	ANDHRA_SWEETS_SNACKS	|	డ్రై ఫ్రూట్ హల్వా 	|	DRY FRUIT HALWA 	|	డ్రై ఫ్రూట్ హల్వా _CLUE	|	HTTP://GOKULSWEETS.COM/IMAGES/ANJEER%20DRY%20FRUIT%20HALWA.JPG	|	
113	|	ANDHRA_SWEETS_SNACKS	|	డ్రై ఫ్రూట్ కత్లి 	|	DRY FRUIT KATHLI 	|	డ్రై ఫ్రూట్ కత్లి _CLUE	|	HTTP://WWW.MITHAI4ALL.COM/IMAGES/PRODUCTS/G-PULLA-REDDY-SWEETS-DRYFRUIT-KATLI-BIG.JPG	|	
114	|	ANDHRA_SWEETS_SNACKS	|	డ్రై ఫ్రూట్ లడ్డు 	|	DRY FRUIT LADDU	|	డ్రై ఫ్రూట్ లడ్డు _CLUE	|	HTTP://3.BP.BLOGSPOT.COM/-1L4ANLR8DXA/TG1QIBOZQQI/AAAAAAAAA1I/TWXGZIDH74I/S1600/DRY+FRUIT+LADDUS.JPG	|	
115	|	ANDHRA_SWEETS_SNACKS	|	గట్టి పకోడీ 	|	GATTI PAKODI	|	గట్టి పకోడీ _CLUE	|	HTTP://FARM8.STATICFLICKR.COM/7161/6634712655_BA3BBE8759.JPG	|	
116	|	ANDHRA_SWEETS_SNACKS	|	గవ్వలు	|	GAVVALU	|	గవ్వలు_CLUE	|	HTTP://1.BP.BLOGSPOT.COM/_FUCVX_ZEJSY/S1LGDSR7GEI/AAAAAAAADM0/BPADMMNJZOG/S320/IMG_8556.JPG	|	
117	|	ANDHRA_SWEETS_SNACKS	|	గోధుమ హల్వా 	|	GODHUMA HALWA	|	గోధుమ హల్వా _CLUE	|	HTTP://3.BP.BLOGSPOT.COM/-EZNYET_KFIU/TRKF4KKIRRI/AAAAAAAAAEI/PLDORTQTZWU/S1600/GODHUMA_HALWA+%2528MAAVANTAGADI.BLOGSPOT.COM%2529.JPG	|	
118	|	ANDHRA_SWEETS_SNACKS	|	గులాబ్ జామూన్ 	|	GULAB JAMUN 	|	గులాబ్ జామూన్ _CLUE	|	HTTP://FOOD.SULEKHA.COM/DISHIMAGES/433.JPG	|	
119	|	ANDHRA_SWEETS_SNACKS	|	గుమ్మడికాయ వడియాలు 	|	GUMMADIKAYA VADIYALU	|	గుమ్మడికాయ వడియాలు _CLUE	|	HTTP://WWW.HOTCHULHA.COM/WP-CONTENT/UPLOADS/2010/06/BOODITHA-GUMMADI-FRIED1.JPG	|	
120	|	ANDHRA_SWEETS_SNACKS	|	ఐస్ క్రీం బర్ఫీ 	|	ICE CREAM BURFY	|	ఐస్ క్రీం బర్ఫీ _CLUE	|	HTTP://WWW.SWAGRUHAFOODS.NET/IMAGE/CACHE/DATA/SWAGRUHA%20FOODS/DSC_5444-120X120.JPG	|	
121	|	ANDHRA_SWEETS_SNACKS	|	జాంగ్రి	|	JANGRI	|	జాంగ్రి_CLUE	|	HTTP://HUNGRYNAGPUR.COM/BETA/IMAGES/CATEGORIES/JALEBI.JPG	|	
122	|	ANDHRA_SWEETS_SNACKS	|	జంతికలు 	|	JANTIKALU	|	జంతికలు _CLUE	|	 HTTP://CDN.SAILUSFOOD.COM/WP-CONTENT/UPLOADS/2008/10/JANTHIKALU.JPG	|	
123	|	ANDHRA_SWEETS_SNACKS	|	జిలేబి 	|	JILEBI 	|	జిలేబి _CLUE	|	HTTP://UPLOAD.WIKIMEDIA.ORG/WIKIPEDIA/COMMONS/THUMB/D/D3/JALEBIINDIA.JPG/800PX-JALEBIINDIA.JPG	|	
124	|	ANDHRA_SWEETS_SNACKS	|	కచోరి 	|	KACHORI 	|	కచోరి _CLUE	|	HTTP://CDN.SAILUSFOOD.COM/WP-CONTENT/UPLOADS/2010/03/KHASTA-KACHORI.JPG	|	
125	|	ANDHRA_SWEETS_SNACKS	|	కజ్జి కాయలు	|	KAJJI KAYALU	|	కజ్జి కాయలు_CLUE	|	HTTP://WWW.HALAYSRESTAURANT.COM/IMG/18.JPG	|	
126	|	ANDHRA_SWEETS_SNACKS	|	కాజు కట్రి / కాజు కతలి 	|	KAJU KATHLI 	|	కాజు కట్రి / కాజు కతలి _CLUE	|	HTTP://UPLOAD.WIKIMEDIA.ORG/WIKIPEDIA/COMMONS/8/85/KAJU_KATLI.JPG	|	
127	|	ANDHRA_SWEETS_SNACKS	|	కాజు పకోడా 	|	KAJU PAKODA 	|	కాజు పకోడా _CLUE	|	HTTP://WWW.GPULLAREDDYSWEETS.ORG/ADMIN/UPLOAD/PRODUCT/MAIN/KAJU-PAKODA.JPG	|	
128	|	ANDHRA_SWEETS_SNACKS	|	కాజు పిస్తా రోల్ 	|	KAJU PISTA ROLL 	|	కాజు పిస్తా రోల్ _CLUE	|	HTTP://WWW.MITHAI4ALL.COM/IMAGES/PRODUCTS/GWALIA-SWEETS-KAJU-PISTA-ROLL-BIG.JPG	|	
129	|	ANDHRA_SWEETS_SNACKS	|	కాకినాడ కాజా 	|	KAKINADA KAJA	|	కాకినాడ కాజా _CLUE	|	HTTP://VIZAGFOOD.COM/VIZAGFOOD/IMAGES/KAKINADA%20KAJA.JPG	|	
130	|	ANDHRA_SWEETS_SNACKS	|	కలాకండ్ 	|	KALAKAND	|	కలాకండ్ _CLUE	|	HTTP://WWW.GPULLAREDDYSWEETS.ORG/ADMIN/UPLOAD/PRODUCT/LIGHTBOX/KALAKAND.JPG	|	
131	|	ANDHRA_SWEETS_SNACKS	|	కార మిక్స్డ్ 	|	KARA MIXTURE 	|	కార మిక్స్డ్ _CLUE	|	HTTP://WWW.GPULLAREDDYSWEETS.ORG/ADMIN/UPLOAD/PRODUCT/LIGHTBOX/KARA-MIXTURE.JPG	|	
132	|	ANDHRA_SWEETS_SNACKS	|	కారా బూంది 	|	KARABOONDI	|	కారా బూంది _CLUE	|	HTTP://WWW.GPULLAREDDYSWEETS.ORG/ADMIN/UPLOAD/PRODUCT/LIGHTBOX/KARA-BOONDI.JPG	|	
133	|	ANDHRA_SWEETS_SNACKS	|	కేసరి  పేడ 	|	KESARI PEDA 	|	కేసరి  పేడ _CLUE	|	HTTP://WWW.ORDERYOURCHOICE.COM/592-696-HOME/-KESARI-PEDA-PULLA-REDDY-SWEETS-HYDERABAD-.JPG	|	
134	|	ANDHRA_SWEETS_SNACKS	|	కోవా 	|	KHOVA 	|	కోవా _CLUE	|	HTTP://WWW.SAMAI.IN/RECIPES/WP-CONTENT/UPLOADS/2008/02/MILK-PAL-SWEET-PALKOVA.JPG	|	
135	|	ANDHRA_SWEETS_SNACKS	|	కిస్మిస్ కలకాని 	|	KISMIS KALAKANI	|	కిస్మిస్ కలకాని _CLUE	|	HTTP://WWW.SWAGRUHAFOODS.NET/IMAGE/CACHE/DATA/DSC_5501-500X500.JPG	|	
136	|	ANDHRA_SWEETS_SNACKS	|	కొబ్బరి ఉండలు 	|	KOBBARI UNDALU	|	కొబ్బరి ఉండలు _CLUE	|	HTTP://2.BP.BLOGSPOT.COM/_GY85HPAK7NY/SMAMYILHZTI/AAAAAAAABLG/CWKO50SDM8M/S400/KOBBARI+UNDALU2.JPG	|	
137	|	ANDHRA_SWEETS_SNACKS	|	కోవా పూరి 	|	KOVA PURI 	|	కోవా పూరి _CLUE	|	HTTP://HYDERABADBAZAAR.COM/PRODUCT/NEWSWEET/KHOVA-BURFI_BIG.JPG	|	
138	|	ANDHRA_SWEETS_SNACKS	|	లడ్డు	|	LADDU	|	లడ్డు_CLUE	|	 HTTP://UPLOAD.WIKIMEDIA.ORG/WIKIPEDIA/COMMONS/THUMB/4/46/LADDU1.JPG/800PX-LADDU1.JPG	|	
139	|	ANDHRA_SWEETS_SNACKS	|	మడత కాజా	|	MADATA KAZHA	|	మడత కాజా_CLUE	|	HTTP://WWW.GIFTAGIFT.COM/PRODUCTIMAGES/PRODUCTS/BIG_SWESAV102.JPG	|	
140	|	ANDHRA_SWEETS_SNACKS	|	మలై బర్ఫీ 	|	MALAI BURFI 	|	మలై బర్ఫీ _CLUE	|	HTTP://IMG.TRADEINDIA.COM/FP/0/255/970.JPG	|	
141	|	ANDHRA_SWEETS_SNACKS	|	మలై లడ్డు 	|	MALAI LADDU	|	మలై లడ్డు _CLUE	|	HTTP://JASWANTSWEETS.COM/WP-CONTENT/UPLOADS/2012/04/MALAI-PEDHA1.JPG	|	
142	|	ANDHRA_SWEETS_SNACKS	|	మలై పేడ 	|	MALAI PEDA 	|	మలై పేడ _CLUE	|	HTTP://WWW.SRUNGHI.COM/_CLIENT/IMG/PRODUCTS/MILK/MALAI_PEDA.JPG	|	
143	|	ANDHRA_SWEETS_SNACKS	|	మాల్ పూరి 	|	MALPURI 	|	మాల్ పూరి _CLUE	|	HTTP://3.BP.BLOGSPOT.COM/-X5OOUCQC4DE/UFSGRT6EPDI/AAAAAAAAECO/WGBNHZBYU38/S1600/MAALPURI.JPG	|	
144	|	ANDHRA_SWEETS_SNACKS	|	మెత్తని పకోడీ 	|	METTANI PAKODI	|	మెత్తని పకోడీ _CLUE	|	HTTP://MEDIA2.INTODAY.IN/WONDERWOMAN/IMAGES/STORIES/100710045739CAULI_PAKODI_400.JPG	|	
145	|	ANDHRA_SWEETS_SNACKS	|	మిల్క్ మైసూరు పాక్ 	|	MILK MYSOREPAK 	|	మిల్క్ మైసూరు పాక్ _CLUE	|	HTTP://WWW.MITHAI4ALL.COM/IMAGES/PRODUCTS/G-PULLA-REDDY-SWEETS-MILK-MYSOREPAK-BIG.JPG	|	
146	|	ANDHRA_SWEETS_SNACKS	|	మూంగ్ దాల్ 	|	MOONG DAL 	|	మూంగ్ దాల్ _CLUE	|	HTTP://WWW.GPULLAREDDYSWEETS.ORG/ADMIN/UPLOAD/PRODUCT/LIGHTBOX/MOONG-DAL.JPG	|	
147	|	ANDHRA_SWEETS_SNACKS	|	మోతిచుర్ లడ్డు 	|	MOTHICHUR LADDU	|	మోతిచుర్ లడ్డు _CLUE	|	HTTP://WWW.ASHASWEETCENTER.COM/IMAGES/PRODUCTS/LG/MOTICHUR_LADDOO.PNG	|	
148	|	ANDHRA_SWEETS_SNACKS	|	మురుగులు 	|	MURUGULU	|	మురుగులు _CLUE	|	HTTP://1.BP.BLOGSPOT.COM/-TF5ZVKLU_US/TWBASBPDSKI/AAAAAAAAB58/6YFLMSDVXPQ/S1600/MURKULU1.JPG	|	
149	|	ANDHRA_SWEETS_SNACKS	|	మైసూర్ పాక్	|	MYSUR PAK 	|	మైసూర్ పాక్_CLUE	|	HTTP://UPLOAD.WIKIMEDIA.ORG/WIKIPEDIA/COMMONS/THUMB/F/FF/MYSORE_PAK.JPG/800PX-MYSORE_PAK.JPG	|	
150	|	ANDHRA_SWEETS_SNACKS	|	పల్లి పకోడీ 	|	PALLI PAKODI	|	పల్లి పకోడీ _CLUE	|	HTTP://1.BP.BLOGSPOT.COM/-K5O-5JFVVA0/UJBOTVPDMUI/AAAAAAAAFVA/VLCPIRCTUXC/S1600/PALLIPAKODI.JPG	|	
151	|	ANDHRA_SWEETS_SNACKS	|	పనస తొనలు	|	PANASA TONALU	|	పనస తొనలు_CLUE	|	HTTP://3.BP.BLOGSPOT.COM/_QVJ5_HBNJOC/SQH2GK_-ZPI/AAAAAAAADA8/VK5CSD5LTK8/S400/PANASA+THONALU+3.JPG	|	
152	|	ANDHRA_SWEETS_SNACKS	|	పరమాన్నము	|	PARAVANNAM	|	పరమాన్నము_CLUE	|	HTTP://WWW.SHADRUCHULU.COM/ENGLISH/WP-CONTENT/UPLOADS/2009/09/PARAMANNAM.JPG	|	
153	|	ANDHRA_SWEETS_SNACKS	|	పెరుగు వడలు 	|	PERUGU VADALU	|	పెరుగు వడలు _CLUE	|	 HTTP://3.BP.BLOGSPOT.COM/_HWM9BU7POF4/S30HESNAHQI/AAAAAAAAIRU/CIWCHEEZXKS/S400/PICTURE+100.JPG	|	
154	|	ANDHRA_SWEETS_SNACKS	|	పేత హల్వా 	|	PETHA HALWA 	|	పేత హల్వా _CLUE	|	HTTP://2.BP.BLOGSPOT.COM/-49FRSU8IZQA/UK5AUJAMZ1I/AAAAAAAAGSY/RYMOY6CMR-O/S1600/ASH+GOURD+HALWA+PETHA+HALWA.JPG	|	
155	|	ANDHRA_SWEETS_SNACKS	|	పులిహోర 	|	PULIHORA	|	పులిహోర _CLUE	|	HTTP://UPLOAD.WIKIMEDIA.ORG/WIKIPEDIA/COMMONS/THUMB/2/24/PULIHORA.JPG/800PX-PULIHORA.JPG	|	
156	|	ANDHRA_SWEETS_SNACKS	|	పూర్ణం బూరెలు 	|	PURNAM BURELU	|	పూర్ణం బూరెలు _CLUE	|	HTTP://TAGNETWORK.IN/WEBTAG/IMAGE/CACHE/DATA/POORNAM_BURELU-500X500.JPG	|	
157	|	ANDHRA_SWEETS_SNACKS	|	పూత రేకులు	|	PUTA REKULU	|	పూత రేకులు_CLUE	|	HTTP://UPLOAD.WIKIMEDIA.ORG/WIKIPEDIA/COMMONS/THUMB/1/18/POOTHAREKULU.JPG/800PX-POOTHAREKULU.JPG	|	
158	|	ANDHRA_SWEETS_SNACKS	|	రసగుల్లా 	|	RASAGULLA	|	రసగుల్లా _CLUE	|	HTTP://UPLOAD.WIKIMEDIA.ORG/WIKIPEDIA/COMMONS/THUMB/7/74/RASAGULLA.JPG/634PX-RASAGULLA.JPG	|	
159	|	ANDHRA_SWEETS_SNACKS	|	రసభరి 	|	RASBHARI 	|	రసభరి _CLUE	|	HTTP://WWW.GPULLAREDDYSWEETS.ORG/ADMIN/UPLOAD/PRODUCT/LIGHTBOX/RASBHARI.JPG	|	
160	|	ANDHRA_SWEETS_SNACKS	|	రస్ మలై 	|	RASMALAI 	|	రస్ మలై _CLUE	|	HTTP://WWW.GPULLAREDDYSWEETS.ORG/ADMIN/UPLOAD/PRODUCT/LIGHTBOX/RAS-MALAI.JPG	|	
161	|	ANDHRA_SWEETS_SNACKS	|	రవ్వలడ్డు 	|	RAVVALADDU	|	రవ్వలడ్డు _CLUE	|	 HTTP://FULLMEALS.CLOUDAPP.NET/RECIPE-1552-RAVA-LADDU-28330.JPG?MAXHEIGHT=700	|	
162	|	ANDHRA_SWEETS_SNACKS	|	సగ్గుబియ్యం వడియాలు 	|	SAGGUBIYYAM VADIYALU	|	సగ్గుబియ్యం వడియాలు _CLUE	|	HTTP://2.BP.BLOGSPOT.COM/-RKCNRSKFNNC/T8VOPFK9DAI/AAAAAAAADXE/NYZ5_T92ZAC/S640/SAGGUBIYYAM+VADIYALU.JPG	|	
163	|	ANDHRA_SWEETS_SNACKS	|	సజ్జ బూరెలు	|	SAJJA BURELU	|	సజ్జ బూరెలు_CLUE	|	HTTP://4.BP.BLOGSPOT.COM/_H_R_N7OCZOG/SO3G9BSE7II/AAAAAAAAAJW/HB4V6U1SU2K/S400/BURELU+3.JPG	|	
164	|	ANDHRA_SWEETS_SNACKS	|	సమోసా 	|	SAMOSA 	|	సమోసా _CLUE	|	HTTP://1.BP.BLOGSPOT.COM/_HMFGRLKRTYO/SQ2MFCFIYMI/AAAAAAAAABO/0YEFA_WX7E8/S400/DSC00691.JPG	|	
165	|	ANDHRA_SWEETS_SNACKS	|	శనగపిండి లడ్డు 	|	SANAGAPINDI LADDU	|	శనగపిండి లడ్డు _CLUE	|	HTTP://FESTIVALS.ILOVEINDIA.COM/GANESH-CHATURTI/PICS/BESAN-KE-LADOO.JPG	|	
166	|	ANDHRA_SWEETS_SNACKS	|	సన్న బుంది లడ్డు 	|	SANNA BUNDI LADDU	|	సన్న బుంది లడ్డు _CLUE	|	HTTP://WWW.ATHITHIGRUHAFOODS.COM/ADMIN/PRODUCTIMAGES/133.JPEG	|	
167	|	ANDHRA_SWEETS_SNACKS	|	సన్న పూస 	|	SANNAPUSA	|	సన్న పూస _CLUE	|	HTTP://1.BP.BLOGSPOT.COM/_BQYDNNQN8C0/SA951B2HFJI/AAAAAAAAAZ4/DHTKA2IJ9MK/S320/IMG_0120C.JPG	|	
168	|	ANDHRA_SWEETS_SNACKS	|	సేమ్య పేణి 	|	SEMIYA PHENI 	|	సేమ్య పేణి _CLUE	|	HTTP://WWW.GIFTS2EVERYONE.COM/G2E-ADMIN/ORIGINAL/SEMIYA-PHENI.JPG	|	
169	|	ANDHRA_SWEETS_SNACKS	|	సోం పాపిడి 	|	SOAN PAPDI 	|	సోం పాపిడి _CLUE	|	HTTP://UPLOAD.WIKIMEDIA.ORG/WIKIPEDIA/COMMONS/THUMB/C/CD/SOHAN_PAPDI.JPG/677PX-SOHAN_PAPDI.JPG	|	
170	|	ANDHRA_SWEETS_SNACKS	|	సోజ్జిపాలు 	|	SOJJIAPPALU	|	సోజ్జిపాలు _CLUE	|	HTTP://1.BP.BLOGSPOT.COM/-FMLQ9DZNMTG/TGPQ6SQCGWI/AAAAAAAADP8/6VOIZZFXPZK/S640/SOJJAPPALU1.JPG	|	
171	|	ANDHRA_SWEETS_SNACKS	|	సోనా హల్వా 	|	SONE HALWA 	|	సోనా హల్వా _CLUE	|	HTTP://4.BP.BLOGSPOT.COM/_0CWDGN9GU5C/SYAPWDERC0I/AAAAAAAAB0S/W_LMVJXBW-8/S400/CAROT+HALWA.JPG	|	
172	|	ANDHRA_SWEETS_SNACKS	|	సున్ని వుండలు	|	SUNNUNDALU	|	సున్ని వుండలు_CLUE	|	HTTP://WWW.NANDYALA.ORG/MAHANANDI/IMAGES/LADDU/SUNNIUNDALUIMAGECOPYRIGHTED5.JPG	|	
173	|	ANDHRA_SWEETS_SNACKS	|	తపాలా చెక్కలు 	|	TAPALA CHEKKALU	|	తపాలా చెక్కలు _CLUE	|	HTTP://4.BP.BLOGSPOT.COM/_J3OWS8QL268/SQQIXIU9FII/AAAAAAAADXE/5XF-MI9FJXK/S640/IMG_2315.JPG	|	
174	|	ANDHRA_SWEETS_SNACKS	|	ఉలవ చారు 	|	ULAVA CHARU	|	ఉలవ చారు _CLUE	|	HTTP://2.BP.BLOGSPOT.COM/-5QQUDW1AS1U/TMBRK6TEOSI/AAAAAAAADHG/BAOSAELJ6QE/S1600/ULAVACHARU.JPG	|	
175	|	ANDHRA_SWEETS_SNACKS	|	ఉండ్రాళ్ళు ( కుడుములు )	|	UNDRALLU	|	ఉండ్రాళ్ళు ( కుడుములు )_CLUE	|	HTTP://UPLOAD.WIKIMEDIA.ORG/WIKIPEDIA/COMMONS/9/9E/UNDRALLU.JPG	|	
176	|	ANDHRA_SWEETS_SNACKS	|	వెన్నుండలు 	|	VENN UNDALU	|	వెన్నుండలు _CLUE	|	HTTP://WWW.ATHITHIGRUHAFOODS.COM/ADMIN/PRODUCTIMAGES/427.JPG	|	
177	|	ANDHRA_SWEETS_SNACKS	|	వేరుశనగ పాకం 	|	VERUSANAGA PAKAM 	|	వేరుశనగ పాకం _CLUE	|	HTTP://4.BP.BLOGSPOT.COM/_QBATNFI4AUO/SQ5MM_8EHII/AAAAAAAAGPW/BSGBWEJTAIK/S400/DSC00106.JPG	|	
178	|	ANDHRA_SWEETS_SNACKS	|	వైట్ కలకాని 	|	WHITE KALAKANI	|	వైట్ కలకాని _CLUE	|	HTTP://WWW.SWAGRUHAFOODS.NET/IMAGE/CACHE/DATA/SWAGRUHA%20FOODS/DSC_5498-500X500.JPG	|	
